source,target,direction
REACTOME_GLUCOSE_METABOLISM,Aaas,Up
REACTOME_GLUCOSE_METABOLISM,Adpgk,Up
REACTOME_GLUCOSE_METABOLISM,Aldoa,Up
REACTOME_GLUCOSE_METABOLISM,Aldob,Up
REACTOME_GLUCOSE_METABOLISM,Aldoc,Up
REACTOME_GLUCOSE_METABOLISM,Bpgm,Up
REACTOME_GLUCOSE_METABOLISM,Eno2,Up
REACTOME_GLUCOSE_METABOLISM,Eno3,Up
REACTOME_GLUCOSE_METABOLISM,Eno4,Up
REACTOME_GLUCOSE_METABOLISM,Fbp1,Up
REACTOME_GLUCOSE_METABOLISM,Fbp2,Up
REACTOME_GLUCOSE_METABOLISM,G6pc1,Up
REACTOME_GLUCOSE_METABOLISM,G6pc2,Up
REACTOME_GLUCOSE_METABOLISM,G6pc3,Up
REACTOME_GLUCOSE_METABOLISM,Gapdh,Up
REACTOME_GLUCOSE_METABOLISM,Gapdhs,Up
REACTOME_GLUCOSE_METABOLISM,Gck,Up
REACTOME_GLUCOSE_METABOLISM,Gckr,Up
REACTOME_GLUCOSE_METABOLISM,Gnpda1,Up
REACTOME_GLUCOSE_METABOLISM,Gnpda2,Up
REACTOME_GLUCOSE_METABOLISM,Gpi1,Up
REACTOME_GLUCOSE_METABOLISM,Hk1,Up
REACTOME_GLUCOSE_METABOLISM,Hk2,Up
REACTOME_GLUCOSE_METABOLISM,Hk3,Up
REACTOME_GLUCOSE_METABOLISM,Hkdc1,Up
REACTOME_GLUCOSE_METABOLISM,Ndc1,Up
REACTOME_GLUCOSE_METABOLISM,Nup107,Up
REACTOME_GLUCOSE_METABOLISM,Nup133,Up
REACTOME_GLUCOSE_METABOLISM,Nup153,Up
REACTOME_GLUCOSE_METABOLISM,Nup155,Up
REACTOME_GLUCOSE_METABOLISM,Nup160,Up
REACTOME_GLUCOSE_METABOLISM,Nup188,Up
REACTOME_GLUCOSE_METABOLISM,Nup205,Up
REACTOME_GLUCOSE_METABOLISM,Nup210,Up
REACTOME_GLUCOSE_METABOLISM,Nup214,Up
REACTOME_GLUCOSE_METABOLISM,Nup35,Up
REACTOME_GLUCOSE_METABOLISM,Nup37,Up
REACTOME_GLUCOSE_METABOLISM,Nup43,Up
REACTOME_GLUCOSE_METABOLISM,Nup50,Up
REACTOME_GLUCOSE_METABOLISM,Nup54,Up
REACTOME_GLUCOSE_METABOLISM,Nup58,Up
REACTOME_GLUCOSE_METABOLISM,Nup62,Up
REACTOME_GLUCOSE_METABOLISM,Nup85,Up
REACTOME_GLUCOSE_METABOLISM,Nup88,Up
REACTOME_GLUCOSE_METABOLISM,Nup93,Up
REACTOME_GLUCOSE_METABOLISM,Nup98,Up
REACTOME_GLUCOSE_METABOLISM,Nupl2,Up
REACTOME_GLUCOSE_METABOLISM,Pck1,Up
REACTOME_GLUCOSE_METABOLISM,Pck2,Up
REACTOME_GLUCOSE_METABOLISM,Pcx,Up
REACTOME_GLUCOSE_METABOLISM,Pfkfb1,Up
REACTOME_GLUCOSE_METABOLISM,Pfkfb2,Up
REACTOME_GLUCOSE_METABOLISM,Pfkfb3,Up
REACTOME_GLUCOSE_METABOLISM,Pfkfb4,Up
REACTOME_GLUCOSE_METABOLISM,Pfkl,Up
REACTOME_GLUCOSE_METABOLISM,Pfkm,Up
REACTOME_GLUCOSE_METABOLISM,Pfkp,Up
REACTOME_GLUCOSE_METABOLISM,Pgam1,Up
REACTOME_GLUCOSE_METABOLISM,Pgam2,Up
REACTOME_GLUCOSE_METABOLISM,Pgk1,Up
REACTOME_GLUCOSE_METABOLISM,Pgk2,Up
REACTOME_GLUCOSE_METABOLISM,Pgm2l1,Up
REACTOME_GLUCOSE_METABOLISM,Pkm,Up
REACTOME_GLUCOSE_METABOLISM,Pom121,Up
REACTOME_GLUCOSE_METABOLISM,Rae1,Up
REACTOME_GLUCOSE_METABOLISM,Ranbp2,Up
REACTOME_GLUCOSE_METABOLISM,Sec13,Up
REACTOME_GLUCOSE_METABOLISM,Seh1l,Up
REACTOME_GLUCOSE_METABOLISM,Slc37a1,Up
REACTOME_GLUCOSE_METABOLISM,Slc37a2,Up
REACTOME_GLUCOSE_METABOLISM,Slc37a4,Up
REACTOME_GLUCOSE_METABOLISM,Tpi1,Up
REACTOME_GLUCOSE_METABOLISM,Tpr,Up
REACTOME_GLYCOGEN_METABOLISM,Agl,Down
REACTOME_GLYCOGEN_METABOLISM,Calm1,Down
REACTOME_GLYCOGEN_METABOLISM,Calm2,Down
REACTOME_GLYCOGEN_METABOLISM,Calm3,Down
REACTOME_GLYCOGEN_METABOLISM,Gaa,Down
REACTOME_GLYCOGEN_METABOLISM,Gbe1,Down
REACTOME_GLYCOGEN_METABOLISM,Gyg1,Down
REACTOME_GLYCOGEN_METABOLISM,Gys1,Down
REACTOME_GLYCOGEN_METABOLISM,Pgm1,Down
REACTOME_GLYCOGEN_METABOLISM,Phka1,Down
REACTOME_GLYCOGEN_METABOLISM,Phka2,Down
REACTOME_GLYCOGEN_METABOLISM,Phkb,Down
REACTOME_GLYCOGEN_METABOLISM,Phkg1,Down
REACTOME_GLYCOGEN_METABOLISM,Phkg2,Down
REACTOME_GLYCOGEN_METABOLISM,Ppp1r3c,Down
REACTOME_GLYCOGEN_METABOLISM,Pygl,Down
REACTOME_GLYCOGEN_METABOLISM,Pygm,Down
REACTOME_GLYCOGEN_METABOLISM,Ugp2,Down
REACTOME_METABOLISM_OF_CARBOHYDRATES,Aaas,Up
REACTOME_METABOLISM_OF_CARBOHYDRATES,Abcc5,Up
REACTOME_METABOLISM_OF_CARBOHYDRATES,Abo,Up
REACTOME_METABOLISM_OF_CARBOHYDRATES,Acan,Up
REACTOME_METABOLISM_OF_CARBOHYDRATES,Adpgk,Up
REACTOME_METABOLISM_OF_CARBOHYDRATES,Agl,Up
REACTOME_METABOLISM_OF_CARBOHYDRATES,Agrn,Up
REACTOME_METABOLISM_OF_CARBOHYDRATES,Akr1a1,Up
REACTOME_METABOLISM_OF_CARBOHYDRATES,Akr1b1,Up
REACTOME_METABOLISM_OF_CARBOHYDRATES,Aldh1a1,Up
REACTOME_METABOLISM_OF_CARBOHYDRATES,Aldoa,Up
REACTOME_METABOLISM_OF_CARBOHYDRATES,Aldob,Up
REACTOME_METABOLISM_OF_CARBOHYDRATES,Aldoc,Up
REACTOME_METABOLISM_OF_CARBOHYDRATES,Arsb,Up
REACTOME_METABOLISM_OF_CARBOHYDRATES,B3galt1,Up
REACTOME_METABOLISM_OF_CARBOHYDRATES,B3galt2,Up
REACTOME_METABOLISM_OF_CARBOHYDRATES,B3galt4,Up
REACTOME_METABOLISM_OF_CARBOHYDRATES,B3galt5,Up
REACTOME_METABOLISM_OF_CARBOHYDRATES,B3galt6,Up
REACTOME_METABOLISM_OF_CARBOHYDRATES,B3gat1,Up
REACTOME_METABOLISM_OF_CARBOHYDRATES,B3gat2,Up
REACTOME_METABOLISM_OF_CARBOHYDRATES,B3gat3,Up
REACTOME_METABOLISM_OF_CARBOHYDRATES,B3gnt2,Up
REACTOME_METABOLISM_OF_CARBOHYDRATES,B3gnt3,Up
REACTOME_METABOLISM_OF_CARBOHYDRATES,B3gnt4,Up
REACTOME_METABOLISM_OF_CARBOHYDRATES,B3gnt7,Up
REACTOME_METABOLISM_OF_CARBOHYDRATES,B4galnt2,Up
REACTOME_METABOLISM_OF_CARBOHYDRATES,B4galt1,Up
REACTOME_METABOLISM_OF_CARBOHYDRATES,B4galt2,Up
REACTOME_METABOLISM_OF_CARBOHYDRATES,B4galt3,Up
REACTOME_METABOLISM_OF_CARBOHYDRATES,B4galt4,Up
REACTOME_METABOLISM_OF_CARBOHYDRATES,B4galt5,Up
REACTOME_METABOLISM_OF_CARBOHYDRATES,B4galt6,Up
REACTOME_METABOLISM_OF_CARBOHYDRATES,B4galt7,Up
REACTOME_METABOLISM_OF_CARBOHYDRATES,B4gat1,Up
REACTOME_METABOLISM_OF_CARBOHYDRATES,Bcan,Up
REACTOME_METABOLISM_OF_CARBOHYDRATES,Bgn,Up
REACTOME_METABOLISM_OF_CARBOHYDRATES,Bpgm,Up
REACTOME_METABOLISM_OF_CARBOHYDRATES,Calm1,Up
REACTOME_METABOLISM_OF_CARBOHYDRATES,Calm2,Up
REACTOME_METABOLISM_OF_CARBOHYDRATES,Calm3,Up
REACTOME_METABOLISM_OF_CARBOHYDRATES,Cd44,Up
REACTOME_METABOLISM_OF_CARBOHYDRATES,Cemip,Up
REACTOME_METABOLISM_OF_CARBOHYDRATES,Chp1,Up
REACTOME_METABOLISM_OF_CARBOHYDRATES,Chpf,Up
REACTOME_METABOLISM_OF_CARBOHYDRATES,Chpf2,Up
REACTOME_METABOLISM_OF_CARBOHYDRATES,Chst1,Up
REACTOME_METABOLISM_OF_CARBOHYDRATES,Chst11,Up
REACTOME_METABOLISM_OF_CARBOHYDRATES,Chst12,Up
REACTOME_METABOLISM_OF_CARBOHYDRATES,Chst13,Up
REACTOME_METABOLISM_OF_CARBOHYDRATES,Chst14,Up
REACTOME_METABOLISM_OF_CARBOHYDRATES,Chst15,Up
REACTOME_METABOLISM_OF_CARBOHYDRATES,Chst2,Up
REACTOME_METABOLISM_OF_CARBOHYDRATES,Chst3,Up
REACTOME_METABOLISM_OF_CARBOHYDRATES,Chst5,Up
REACTOME_METABOLISM_OF_CARBOHYDRATES,Chst7,Up
REACTOME_METABOLISM_OF_CARBOHYDRATES,Chst9,Up
REACTOME_METABOLISM_OF_CARBOHYDRATES,Chsy1,Up
REACTOME_METABOLISM_OF_CARBOHYDRATES,Chsy3,Up
REACTOME_METABOLISM_OF_CARBOHYDRATES,Cryl1,Up
REACTOME_METABOLISM_OF_CARBOHYDRATES,Csgalnact1,Up
REACTOME_METABOLISM_OF_CARBOHYDRATES,Csgalnact2,Up
REACTOME_METABOLISM_OF_CARBOHYDRATES,Cspg4,Up
REACTOME_METABOLISM_OF_CARBOHYDRATES,Cspg5,Up
REACTOME_METABOLISM_OF_CARBOHYDRATES,Dcn,Up
REACTOME_METABOLISM_OF_CARBOHYDRATES,Dcxr,Up
REACTOME_METABOLISM_OF_CARBOHYDRATES,Dera,Up
REACTOME_METABOLISM_OF_CARBOHYDRATES,Dse,Up
REACTOME_METABOLISM_OF_CARBOHYDRATES,Dsel,Up
REACTOME_METABOLISM_OF_CARBOHYDRATES,Eno2,Up
REACTOME_METABOLISM_OF_CARBOHYDRATES,Eno3,Up
REACTOME_METABOLISM_OF_CARBOHYDRATES,Eno4,Up
REACTOME_METABOLISM_OF_CARBOHYDRATES,Ext1,Up
REACTOME_METABOLISM_OF_CARBOHYDRATES,Ext2,Up
REACTOME_METABOLISM_OF_CARBOHYDRATES,Fbp1,Up
REACTOME_METABOLISM_OF_CARBOHYDRATES,Fbp2,Up
REACTOME_METABOLISM_OF_CARBOHYDRATES,Fmod,Up
REACTOME_METABOLISM_OF_CARBOHYDRATES,Fut1,Up
REACTOME_METABOLISM_OF_CARBOHYDRATES,Fut10,Up
REACTOME_METABOLISM_OF_CARBOHYDRATES,Fut11,Up
REACTOME_METABOLISM_OF_CARBOHYDRATES,Fut2,Up
REACTOME_METABOLISM_OF_CARBOHYDRATES,Fut4,Up
REACTOME_METABOLISM_OF_CARBOHYDRATES,Fut7,Up
REACTOME_METABOLISM_OF_CARBOHYDRATES,Fut9,Up
REACTOME_METABOLISM_OF_CARBOHYDRATES,G6pc1,Up
REACTOME_METABOLISM_OF_CARBOHYDRATES,G6pc2,Up
REACTOME_METABOLISM_OF_CARBOHYDRATES,G6pc3,Up
REACTOME_METABOLISM_OF_CARBOHYDRATES,G6pdx,Up
REACTOME_METABOLISM_OF_CARBOHYDRATES,Gaa,Up
REACTOME_METABOLISM_OF_CARBOHYDRATES,Gale,Up
REACTOME_METABOLISM_OF_CARBOHYDRATES,Galk1,Up
REACTOME_METABOLISM_OF_CARBOHYDRATES,Galns,Up
REACTOME_METABOLISM_OF_CARBOHYDRATES,Galt,Up
REACTOME_METABOLISM_OF_CARBOHYDRATES,Gapdh,Up
REACTOME_METABOLISM_OF_CARBOHYDRATES,Gapdhs,Up
REACTOME_METABOLISM_OF_CARBOHYDRATES,Gbe1,Up
REACTOME_METABOLISM_OF_CARBOHYDRATES,Gck,Up
REACTOME_METABOLISM_OF_CARBOHYDRATES,Gckr,Up
REACTOME_METABOLISM_OF_CARBOHYDRATES,Glb1,Up
REACTOME_METABOLISM_OF_CARBOHYDRATES,Glb1l,Up
REACTOME_METABOLISM_OF_CARBOHYDRATES,Glb1l2,Up
REACTOME_METABOLISM_OF_CARBOHYDRATES,Glb1l3,Up
REACTOME_METABOLISM_OF_CARBOHYDRATES,Glyctk,Up
REACTOME_METABOLISM_OF_CARBOHYDRATES,Gnpda1,Up
REACTOME_METABOLISM_OF_CARBOHYDRATES,Gnpda2,Up
REACTOME_METABOLISM_OF_CARBOHYDRATES,Gns,Up
REACTOME_METABOLISM_OF_CARBOHYDRATES,Gpc1,Up
REACTOME_METABOLISM_OF_CARBOHYDRATES,Gpc2,Up
REACTOME_METABOLISM_OF_CARBOHYDRATES,Gpc3,Up
REACTOME_METABOLISM_OF_CARBOHYDRATES,Gpc4,Up
REACTOME_METABOLISM_OF_CARBOHYDRATES,Gpc5,Up
REACTOME_METABOLISM_OF_CARBOHYDRATES,Gpc6,Up
REACTOME_METABOLISM_OF_CARBOHYDRATES,Gpi1,Up
REACTOME_METABOLISM_OF_CARBOHYDRATES,Gusb,Up
REACTOME_METABOLISM_OF_CARBOHYDRATES,Gyg1,Up
REACTOME_METABOLISM_OF_CARBOHYDRATES,Gys1,Up
REACTOME_METABOLISM_OF_CARBOHYDRATES,Has1,Up
REACTOME_METABOLISM_OF_CARBOHYDRATES,Has2,Up
REACTOME_METABOLISM_OF_CARBOHYDRATES,Has3,Up
REACTOME_METABOLISM_OF_CARBOHYDRATES,Hexa,Up
REACTOME_METABOLISM_OF_CARBOHYDRATES,Hexb,Up
REACTOME_METABOLISM_OF_CARBOHYDRATES,Hgsnat,Up
REACTOME_METABOLISM_OF_CARBOHYDRATES,Hk1,Up
REACTOME_METABOLISM_OF_CARBOHYDRATES,Hk2,Up
REACTOME_METABOLISM_OF_CARBOHYDRATES,Hk3,Up
REACTOME_METABOLISM_OF_CARBOHYDRATES,Hkdc1,Up
REACTOME_METABOLISM_OF_CARBOHYDRATES,Hmmr,Up
REACTOME_METABOLISM_OF_CARBOHYDRATES,Hpse,Up
REACTOME_METABOLISM_OF_CARBOHYDRATES,Hpse2,Up
REACTOME_METABOLISM_OF_CARBOHYDRATES,Hs2st1,Up
REACTOME_METABOLISM_OF_CARBOHYDRATES,Hs3st1,Up
REACTOME_METABOLISM_OF_CARBOHYDRATES,Hs3st2,Up
REACTOME_METABOLISM_OF_CARBOHYDRATES,Hs3st3a1,Up
REACTOME_METABOLISM_OF_CARBOHYDRATES,Hs3st3b1,Up
REACTOME_METABOLISM_OF_CARBOHYDRATES,Hs3st4,Up
REACTOME_METABOLISM_OF_CARBOHYDRATES,Hs3st5,Up
REACTOME_METABOLISM_OF_CARBOHYDRATES,Hs3st6,Up
REACTOME_METABOLISM_OF_CARBOHYDRATES,Hs6st1,Up
REACTOME_METABOLISM_OF_CARBOHYDRATES,Hs6st2,Up
REACTOME_METABOLISM_OF_CARBOHYDRATES,Hs6st3,Up
REACTOME_METABOLISM_OF_CARBOHYDRATES,Hyal1,Up
REACTOME_METABOLISM_OF_CARBOHYDRATES,Hyal2,Up
REACTOME_METABOLISM_OF_CARBOHYDRATES,Hyal3,Up
REACTOME_METABOLISM_OF_CARBOHYDRATES,Ids,Up
REACTOME_METABOLISM_OF_CARBOHYDRATES,Idua,Up
REACTOME_METABOLISM_OF_CARBOHYDRATES,Kera,Up
REACTOME_METABOLISM_OF_CARBOHYDRATES,Khk,Up
REACTOME_METABOLISM_OF_CARBOHYDRATES,Lalba,Up
REACTOME_METABOLISM_OF_CARBOHYDRATES,Lum,Up
REACTOME_METABOLISM_OF_CARBOHYDRATES,Lyve1,Up
REACTOME_METABOLISM_OF_CARBOHYDRATES,Man2b1,Up
REACTOME_METABOLISM_OF_CARBOHYDRATES,Man2b2,Up
REACTOME_METABOLISM_OF_CARBOHYDRATES,Man2c1,Up
REACTOME_METABOLISM_OF_CARBOHYDRATES,Manba,Up
REACTOME_METABOLISM_OF_CARBOHYDRATES,Naglu,Up
REACTOME_METABOLISM_OF_CARBOHYDRATES,Ndc1,Up
REACTOME_METABOLISM_OF_CARBOHYDRATES,Ndst1,Up
REACTOME_METABOLISM_OF_CARBOHYDRATES,Ndst2,Up
REACTOME_METABOLISM_OF_CARBOHYDRATES,Ndst3,Up
REACTOME_METABOLISM_OF_CARBOHYDRATES,Ndst4,Up
REACTOME_METABOLISM_OF_CARBOHYDRATES,Nup107,Up
REACTOME_METABOLISM_OF_CARBOHYDRATES,Nup133,Up
REACTOME_METABOLISM_OF_CARBOHYDRATES,Nup153,Up
REACTOME_METABOLISM_OF_CARBOHYDRATES,Nup155,Up
REACTOME_METABOLISM_OF_CARBOHYDRATES,Nup160,Up
REACTOME_METABOLISM_OF_CARBOHYDRATES,Nup188,Up
REACTOME_METABOLISM_OF_CARBOHYDRATES,Nup205,Up
REACTOME_METABOLISM_OF_CARBOHYDRATES,Nup210,Up
REACTOME_METABOLISM_OF_CARBOHYDRATES,Nup214,Up
REACTOME_METABOLISM_OF_CARBOHYDRATES,Nup35,Up
REACTOME_METABOLISM_OF_CARBOHYDRATES,Nup37,Up
REACTOME_METABOLISM_OF_CARBOHYDRATES,Nup43,Up
REACTOME_METABOLISM_OF_CARBOHYDRATES,Nup50,Up
REACTOME_METABOLISM_OF_CARBOHYDRATES,Nup54,Up
REACTOME_METABOLISM_OF_CARBOHYDRATES,Nup58,Up
REACTOME_METABOLISM_OF_CARBOHYDRATES,Nup62,Up
REACTOME_METABOLISM_OF_CARBOHYDRATES,Nup85,Up
REACTOME_METABOLISM_OF_CARBOHYDRATES,Nup88,Up
REACTOME_METABOLISM_OF_CARBOHYDRATES,Nup93,Up
REACTOME_METABOLISM_OF_CARBOHYDRATES,Nup98,Up
REACTOME_METABOLISM_OF_CARBOHYDRATES,Nupl2,Up
REACTOME_METABOLISM_OF_CARBOHYDRATES,Ogn,Up
REACTOME_METABOLISM_OF_CARBOHYDRATES,Omd,Up
REACTOME_METABOLISM_OF_CARBOHYDRATES,Papss1,Up
REACTOME_METABOLISM_OF_CARBOHYDRATES,Papss2,Up
REACTOME_METABOLISM_OF_CARBOHYDRATES,Pck1,Up
REACTOME_METABOLISM_OF_CARBOHYDRATES,Pck2,Up
REACTOME_METABOLISM_OF_CARBOHYDRATES,Pcx,Up
REACTOME_METABOLISM_OF_CARBOHYDRATES,Pfkfb1,Up
REACTOME_METABOLISM_OF_CARBOHYDRATES,Pfkfb2,Up
REACTOME_METABOLISM_OF_CARBOHYDRATES,Pfkfb3,Up
REACTOME_METABOLISM_OF_CARBOHYDRATES,Pfkfb4,Up
REACTOME_METABOLISM_OF_CARBOHYDRATES,Pfkl,Up
REACTOME_METABOLISM_OF_CARBOHYDRATES,Pfkm,Up
REACTOME_METABOLISM_OF_CARBOHYDRATES,Pfkp,Up
REACTOME_METABOLISM_OF_CARBOHYDRATES,Pgam1,Up
REACTOME_METABOLISM_OF_CARBOHYDRATES,Pgam2,Up
REACTOME_METABOLISM_OF_CARBOHYDRATES,Pgd,Up
REACTOME_METABOLISM_OF_CARBOHYDRATES,Pgk1,Up
REACTOME_METABOLISM_OF_CARBOHYDRATES,Pgk2,Up
REACTOME_METABOLISM_OF_CARBOHYDRATES,Pgls,Up
REACTOME_METABOLISM_OF_CARBOHYDRATES,Pgm1,Up
REACTOME_METABOLISM_OF_CARBOHYDRATES,Pgm2,Up
REACTOME_METABOLISM_OF_CARBOHYDRATES,Pgm2l1,Up
REACTOME_METABOLISM_OF_CARBOHYDRATES,Phka1,Up
REACTOME_METABOLISM_OF_CARBOHYDRATES,Phka2,Up
REACTOME_METABOLISM_OF_CARBOHYDRATES,Phkb,Up
REACTOME_METABOLISM_OF_CARBOHYDRATES,Phkg1,Up
REACTOME_METABOLISM_OF_CARBOHYDRATES,Phkg2,Up
REACTOME_METABOLISM_OF_CARBOHYDRATES,Pkm,Up
REACTOME_METABOLISM_OF_CARBOHYDRATES,Pom121,Up
REACTOME_METABOLISM_OF_CARBOHYDRATES,Ppp1r3c,Up
REACTOME_METABOLISM_OF_CARBOHYDRATES,Prelp,Up
REACTOME_METABOLISM_OF_CARBOHYDRATES,Prps1,Up
REACTOME_METABOLISM_OF_CARBOHYDRATES,Prps1l1,Up
REACTOME_METABOLISM_OF_CARBOHYDRATES,Prps1l3,Up
REACTOME_METABOLISM_OF_CARBOHYDRATES,Prps2,Up
REACTOME_METABOLISM_OF_CARBOHYDRATES,Pygl,Up
REACTOME_METABOLISM_OF_CARBOHYDRATES,Pygm,Up
REACTOME_METABOLISM_OF_CARBOHYDRATES,Rae1,Up
REACTOME_METABOLISM_OF_CARBOHYDRATES,Ranbp2,Up
REACTOME_METABOLISM_OF_CARBOHYDRATES,Rbks,Up
REACTOME_METABOLISM_OF_CARBOHYDRATES,Rpe,Up
REACTOME_METABOLISM_OF_CARBOHYDRATES,Rpia,Up
REACTOME_METABOLISM_OF_CARBOHYDRATES,Sdc1,Up
REACTOME_METABOLISM_OF_CARBOHYDRATES,Sdc2,Up
REACTOME_METABOLISM_OF_CARBOHYDRATES,Sdc3,Up
REACTOME_METABOLISM_OF_CARBOHYDRATES,Sdc4,Up
REACTOME_METABOLISM_OF_CARBOHYDRATES,Sec13,Up
REACTOME_METABOLISM_OF_CARBOHYDRATES,Seh1l,Up
REACTOME_METABOLISM_OF_CARBOHYDRATES,Sgsh,Up
REACTOME_METABOLISM_OF_CARBOHYDRATES,Shpk,Up
REACTOME_METABOLISM_OF_CARBOHYDRATES,Slc26a1,Up
REACTOME_METABOLISM_OF_CARBOHYDRATES,Slc26a2,Up
REACTOME_METABOLISM_OF_CARBOHYDRATES,Slc2a1,Up
REACTOME_METABOLISM_OF_CARBOHYDRATES,Slc35b2,Up
REACTOME_METABOLISM_OF_CARBOHYDRATES,Slc35b3,Up
REACTOME_METABOLISM_OF_CARBOHYDRATES,Slc35d2,Up
REACTOME_METABOLISM_OF_CARBOHYDRATES,Slc37a1,Up
REACTOME_METABOLISM_OF_CARBOHYDRATES,Slc37a2,Up
REACTOME_METABOLISM_OF_CARBOHYDRATES,Slc37a4,Up
REACTOME_METABOLISM_OF_CARBOHYDRATES,Slc9a1,Up
REACTOME_METABOLISM_OF_CARBOHYDRATES,Sord,Up
REACTOME_METABOLISM_OF_CARBOHYDRATES,St3gal1,Up
REACTOME_METABOLISM_OF_CARBOHYDRATES,St3gal2,Up
REACTOME_METABOLISM_OF_CARBOHYDRATES,St3gal3,Up
REACTOME_METABOLISM_OF_CARBOHYDRATES,St3gal4,Up
REACTOME_METABOLISM_OF_CARBOHYDRATES,St3gal6,Up
REACTOME_METABOLISM_OF_CARBOHYDRATES,St6galnac6,Up
REACTOME_METABOLISM_OF_CARBOHYDRATES,Stab2,Up
REACTOME_METABOLISM_OF_CARBOHYDRATES,Taldo1,Up
REACTOME_METABOLISM_OF_CARBOHYDRATES,Tkfc,Up
REACTOME_METABOLISM_OF_CARBOHYDRATES,Tkt,Up
REACTOME_METABOLISM_OF_CARBOHYDRATES,Tpi1,Up
REACTOME_METABOLISM_OF_CARBOHYDRATES,Tpr,Up
REACTOME_METABOLISM_OF_CARBOHYDRATES,Ugp2,Up
REACTOME_METABOLISM_OF_CARBOHYDRATES,Ust,Up
REACTOME_METABOLISM_OF_CARBOHYDRATES,Vcan,Up
REACTOME_METABOLISM_OF_CARBOHYDRATES,Xylb,Up
REACTOME_METABOLISM_OF_CARBOHYDRATES,Xylt1,Up
REACTOME_METABOLISM_OF_CARBOHYDRATES,Xylt2,Up
WP_PURINE_METABOLISM,Ada,Up
WP_PURINE_METABOLISM,Adcy1,Up
WP_PURINE_METABOLISM,Adcy10,Up
WP_PURINE_METABOLISM,Adcy2,Up
WP_PURINE_METABOLISM,Adcy3,Up
WP_PURINE_METABOLISM,Adcy4,Up
WP_PURINE_METABOLISM,Adcy5,Up
WP_PURINE_METABOLISM,Adcy6,Up
WP_PURINE_METABOLISM,Adcy7,Up
WP_PURINE_METABOLISM,Adcy8,Up
WP_PURINE_METABOLISM,Adcy9,Up
WP_PURINE_METABOLISM,Adk,Up
WP_PURINE_METABOLISM,Adprm,Up
WP_PURINE_METABOLISM,Adsl,Up
WP_PURINE_METABOLISM,Adss1,Up
WP_PURINE_METABOLISM,Adss2,Up
WP_PURINE_METABOLISM,Ak1,Up
WP_PURINE_METABOLISM,Ak2,Up
WP_PURINE_METABOLISM,Ak4,Up
WP_PURINE_METABOLISM,Ak5,Up
WP_PURINE_METABOLISM,Ak6,Up
WP_PURINE_METABOLISM,Ak7,Up
WP_PURINE_METABOLISM,Ak8,Up
WP_PURINE_METABOLISM,Ak9,Up
WP_PURINE_METABOLISM,Allc,Up
WP_PURINE_METABOLISM,Ampd1,Up
WP_PURINE_METABOLISM,Ampd2,Up
WP_PURINE_METABOLISM,Ampd3,Up
WP_PURINE_METABOLISM,Aprt,Up
WP_PURINE_METABOLISM,Atic,Up
WP_PURINE_METABOLISM,Cant1,Up
WP_PURINE_METABOLISM,Dck,Up
WP_PURINE_METABOLISM,Dguok,Up
WP_PURINE_METABOLISM,Enpp1,Up
WP_PURINE_METABOLISM,Enpp3,Up
WP_PURINE_METABOLISM,Entpd1,Up
WP_PURINE_METABOLISM,Entpd2,Up
WP_PURINE_METABOLISM,Entpd3,Up
WP_PURINE_METABOLISM,Entpd4,Up
WP_PURINE_METABOLISM,Entpd4b,Up
WP_PURINE_METABOLISM,Entpd5,Up
WP_PURINE_METABOLISM,Entpd6,Up
WP_PURINE_METABOLISM,Entpd8,Up
WP_PURINE_METABOLISM,Fhit,Up
WP_PURINE_METABOLISM,Gart,Up
WP_PURINE_METABOLISM,Gda,Up
WP_PURINE_METABOLISM,Gmpr,Up
WP_PURINE_METABOLISM,Gmpr2,Up
WP_PURINE_METABOLISM,Gmps,Up
WP_PURINE_METABOLISM,Gucy1a1,Up
WP_PURINE_METABOLISM,Gucy1a2,Up
WP_PURINE_METABOLISM,Gucy1b1,Up
WP_PURINE_METABOLISM,Gucy1b2,Up
WP_PURINE_METABOLISM,Gucy2c,Up
WP_PURINE_METABOLISM,Gucy2d,Up
WP_PURINE_METABOLISM,Gucy2e,Up
WP_PURINE_METABOLISM,Gucy2f,Up
WP_PURINE_METABOLISM,Guk1,Up
WP_PURINE_METABOLISM,Hddc3,Up
WP_PURINE_METABOLISM,Hprt1,Up
WP_PURINE_METABOLISM,Impdh1,Up
WP_PURINE_METABOLISM,Impdh2,Up
WP_PURINE_METABOLISM,Itpa,Up
WP_PURINE_METABOLISM,Nme1,Up
WP_PURINE_METABOLISM,Nme2,Up
WP_PURINE_METABOLISM,Nme3,Up
WP_PURINE_METABOLISM,Nme4,Up
WP_PURINE_METABOLISM,Nme5,Up
WP_PURINE_METABOLISM,Nme6,Up
WP_PURINE_METABOLISM,Nme7,Up
WP_PURINE_METABOLISM,Npr1,Up
WP_PURINE_METABOLISM,Npr2,Up
WP_PURINE_METABOLISM,Nt5c,Up
WP_PURINE_METABOLISM,Nt5c1a,Up
WP_PURINE_METABOLISM,Nt5c1b,Up
WP_PURINE_METABOLISM,Nt5c2,Up
WP_PURINE_METABOLISM,Nt5c3,Up
WP_PURINE_METABOLISM,Nt5e,Up
WP_PURINE_METABOLISM,Nt5m,Up
WP_PURINE_METABOLISM,Nudt16,Up
WP_PURINE_METABOLISM,Nudt16l2,Up
WP_PURINE_METABOLISM,Nudt2,Up
WP_PURINE_METABOLISM,Nudt5,Up
WP_PURINE_METABOLISM,Nudt9,Up
WP_PURINE_METABOLISM,Paics,Up
WP_PURINE_METABOLISM,Papss1,Up
WP_PURINE_METABOLISM,Papss2,Up
WP_PURINE_METABOLISM,Pde10a,Up
WP_PURINE_METABOLISM,Pde11a,Up
WP_PURINE_METABOLISM,Pde1a,Up
WP_PURINE_METABOLISM,Pde1b,Up
WP_PURINE_METABOLISM,Pde1c,Up
WP_PURINE_METABOLISM,Pde2a,Up
WP_PURINE_METABOLISM,Pde3a,Up
WP_PURINE_METABOLISM,Pde3b,Up
WP_PURINE_METABOLISM,Pde4a,Up
WP_PURINE_METABOLISM,Pde4b,Up
WP_PURINE_METABOLISM,Pde4c,Up
WP_PURINE_METABOLISM,Pde4d,Up
WP_PURINE_METABOLISM,Pde5a,Up
WP_PURINE_METABOLISM,Pde6a,Up
WP_PURINE_METABOLISM,Pde6b,Up
WP_PURINE_METABOLISM,Pde6c,Up
WP_PURINE_METABOLISM,Pde6d,Up
WP_PURINE_METABOLISM,Pde6g,Up
WP_PURINE_METABOLISM,Pde6h,Up
WP_PURINE_METABOLISM,Pde7a,Up
WP_PURINE_METABOLISM,Pde7b,Up
WP_PURINE_METABOLISM,Pde8a,Up
WP_PURINE_METABOLISM,Pde8b,Up
WP_PURINE_METABOLISM,Pde9a,Up
WP_PURINE_METABOLISM,Pfas,Up
WP_PURINE_METABOLISM,Pgm1,Up
WP_PURINE_METABOLISM,Pgm2,Up
WP_PURINE_METABOLISM,Pklr,Up
WP_PURINE_METABOLISM,Pkm,Up
WP_PURINE_METABOLISM,Pnp,Up
WP_PURINE_METABOLISM,Pnp2,Up
WP_PURINE_METABOLISM,Pnpt1,Up
WP_PURINE_METABOLISM,Pola1,Up
WP_PURINE_METABOLISM,Pola2,Up
WP_PURINE_METABOLISM,Pold1,Up
WP_PURINE_METABOLISM,Pold2,Up
WP_PURINE_METABOLISM,Pold3,Up
WP_PURINE_METABOLISM,Pold4,Up
WP_PURINE_METABOLISM,Pole,Up
WP_PURINE_METABOLISM,Pole2,Up
WP_PURINE_METABOLISM,Pole3,Up
WP_PURINE_METABOLISM,Pole4,Up
WP_PURINE_METABOLISM,Polr1a,Up
WP_PURINE_METABOLISM,Polr1b,Up
WP_PURINE_METABOLISM,Polr1c,Up
WP_PURINE_METABOLISM,Polr1d,Up
WP_PURINE_METABOLISM,Polr1e,Up
WP_PURINE_METABOLISM,Polr1h,Up
WP_PURINE_METABOLISM,Polr2a,Up
WP_PURINE_METABOLISM,Polr2b,Up
WP_PURINE_METABOLISM,Polr2c,Up
WP_PURINE_METABOLISM,Polr2d,Up
WP_PURINE_METABOLISM,Polr2e,Up
WP_PURINE_METABOLISM,Polr2f,Up
WP_PURINE_METABOLISM,Polr2g,Up
WP_PURINE_METABOLISM,Polr2h,Up
WP_PURINE_METABOLISM,Polr2i,Up
WP_PURINE_METABOLISM,Polr2j,Up
WP_PURINE_METABOLISM,Polr2l,Up
WP_PURINE_METABOLISM,Polr3a,Up
WP_PURINE_METABOLISM,Polr3b,Up
WP_PURINE_METABOLISM,Polr3c,Up
WP_PURINE_METABOLISM,Polr3d,Up
WP_PURINE_METABOLISM,Polr3e,Up
WP_PURINE_METABOLISM,Polr3f,Up
WP_PURINE_METABOLISM,Polr3g,Up
WP_PURINE_METABOLISM,Polr3gl,Up
WP_PURINE_METABOLISM,Polr3h,Up
WP_PURINE_METABOLISM,Polr3k,Up
WP_PURINE_METABOLISM,Ppat,Up
WP_PURINE_METABOLISM,Prim1,Up
WP_PURINE_METABOLISM,Prim2,Up
WP_PURINE_METABOLISM,Prps1,Up
WP_PURINE_METABOLISM,Prps1l1,Up
WP_PURINE_METABOLISM,Prps1l3,Up
WP_PURINE_METABOLISM,Prps2,Up
WP_PURINE_METABOLISM,Prune1,Up
WP_PURINE_METABOLISM,Rrm1,Up
WP_PURINE_METABOLISM,Rrm2,Up
WP_PURINE_METABOLISM,Rrm2b,Up
WP_PURINE_METABOLISM,Taf9,Up
WP_PURINE_METABOLISM,Uox,Up
WP_PURINE_METABOLISM,Urad,Up
WP_PURINE_METABOLISM,Urah,Up
WP_PURINE_METABOLISM,Xdh,Up
HALLMARK_FATTY_ACID_METABOLISM,Aadat,Up
HALLMARK_FATTY_ACID_METABOLISM,Acaa1a,Up
HALLMARK_FATTY_ACID_METABOLISM,Acaa2,Up
HALLMARK_FATTY_ACID_METABOLISM,Acadl,Up
HALLMARK_FATTY_ACID_METABOLISM,Acadm,Up
HALLMARK_FATTY_ACID_METABOLISM,Acads,Up
HALLMARK_FATTY_ACID_METABOLISM,Acadvl,Up
HALLMARK_FATTY_ACID_METABOLISM,Acat2,Up
HALLMARK_FATTY_ACID_METABOLISM,Aco2,Up
HALLMARK_FATTY_ACID_METABOLISM,Acot2,Up
HALLMARK_FATTY_ACID_METABOLISM,Acot8,Up
HALLMARK_FATTY_ACID_METABOLISM,Acox1,Up
HALLMARK_FATTY_ACID_METABOLISM,Acsl1,Up
HALLMARK_FATTY_ACID_METABOLISM,Acsl4,Up
HALLMARK_FATTY_ACID_METABOLISM,Acsl5,Up
HALLMARK_FATTY_ACID_METABOLISM,Acsm3,Up
HALLMARK_FATTY_ACID_METABOLISM,Acss1,Up
HALLMARK_FATTY_ACID_METABOLISM,Adh7,Up
HALLMARK_FATTY_ACID_METABOLISM,Adipor2,Up
HALLMARK_FATTY_ACID_METABOLISM,Adsl,Up
HALLMARK_FATTY_ACID_METABOLISM,Alad,Up
HALLMARK_FATTY_ACID_METABOLISM,Aldh1a1,Up
HALLMARK_FATTY_ACID_METABOLISM,Aldh3a1,Up
HALLMARK_FATTY_ACID_METABOLISM,Aldh3a2,Up
HALLMARK_FATTY_ACID_METABOLISM,Aldh9a1,Up
HALLMARK_FATTY_ACID_METABOLISM,Aldoa,Up
HALLMARK_FATTY_ACID_METABOLISM,Aoc3,Up
HALLMARK_FATTY_ACID_METABOLISM,Apex1,Up
HALLMARK_FATTY_ACID_METABOLISM,Aqp7,Up
HALLMARK_FATTY_ACID_METABOLISM,Auh,Up
HALLMARK_FATTY_ACID_METABOLISM,Bckdhb,Up
HALLMARK_FATTY_ACID_METABOLISM,Blvra,Up
HALLMARK_FATTY_ACID_METABOLISM,Bmpr1b,Up
HALLMARK_FATTY_ACID_METABOLISM,Bphl,Up
HALLMARK_FATTY_ACID_METABOLISM,Car2,Up
HALLMARK_FATTY_ACID_METABOLISM,Car4,Up
HALLMARK_FATTY_ACID_METABOLISM,Car6,Up
HALLMARK_FATTY_ACID_METABOLISM,Cbr1,Up
HALLMARK_FATTY_ACID_METABOLISM,Cbr3,Up
HALLMARK_FATTY_ACID_METABOLISM,Cd1d2,Up
HALLMARK_FATTY_ACID_METABOLISM,Cd36,Up
HALLMARK_FATTY_ACID_METABOLISM,Cel,Up
HALLMARK_FATTY_ACID_METABOLISM,Cidea,Up
HALLMARK_FATTY_ACID_METABOLISM,Cpox,Up
HALLMARK_FATTY_ACID_METABOLISM,Cpt1a,Up
HALLMARK_FATTY_ACID_METABOLISM,Cpt2,Up
HALLMARK_FATTY_ACID_METABOLISM,Crat,Up
HALLMARK_FATTY_ACID_METABOLISM,Cryz,Up
HALLMARK_FATTY_ACID_METABOLISM,Cyp1a1,Up
HALLMARK_FATTY_ACID_METABOLISM,Cyp4a10,Up
HALLMARK_FATTY_ACID_METABOLISM,D2hgdh,Up
HALLMARK_FATTY_ACID_METABOLISM,Decr1,Up
HALLMARK_FATTY_ACID_METABOLISM,Dhcr24,Up
HALLMARK_FATTY_ACID_METABOLISM,Dld,Up
HALLMARK_FATTY_ACID_METABOLISM,Dlst,Up
HALLMARK_FATTY_ACID_METABOLISM,Ech1,Up
HALLMARK_FATTY_ACID_METABOLISM,Echs1,Up
HALLMARK_FATTY_ACID_METABOLISM,Eci1,Up
HALLMARK_FATTY_ACID_METABOLISM,Eci2,Up
HALLMARK_FATTY_ACID_METABOLISM,Ehhadh,Up
HALLMARK_FATTY_ACID_METABOLISM,Elovl5,Up
HALLMARK_FATTY_ACID_METABOLISM,Eno2,Up
HALLMARK_FATTY_ACID_METABOLISM,Eno3,Up
HALLMARK_FATTY_ACID_METABOLISM,Ephx1,Up
HALLMARK_FATTY_ACID_METABOLISM,Erp29,Up
HALLMARK_FATTY_ACID_METABOLISM,Etfdh,Up
HALLMARK_FATTY_ACID_METABOLISM,Fabp1,Up
HALLMARK_FATTY_ACID_METABOLISM,Fabp2,Up
HALLMARK_FATTY_ACID_METABOLISM,Fasn,Up
HALLMARK_FATTY_ACID_METABOLISM,Fh1,Up
HALLMARK_FATTY_ACID_METABOLISM,Fmo1,Up
HALLMARK_FATTY_ACID_METABOLISM,G0s2,Up
HALLMARK_FATTY_ACID_METABOLISM,Gabarapl1,Up
HALLMARK_FATTY_ACID_METABOLISM,Gad2,Up
HALLMARK_FATTY_ACID_METABOLISM,Gapdhs,Up
HALLMARK_FATTY_ACID_METABOLISM,Gcdh,Up
HALLMARK_FATTY_ACID_METABOLISM,Glul,Up
HALLMARK_FATTY_ACID_METABOLISM,Gpd1,Up
HALLMARK_FATTY_ACID_METABOLISM,Gpd2,Up
HALLMARK_FATTY_ACID_METABOLISM,Grhpr,Up
HALLMARK_FATTY_ACID_METABOLISM,Gstz1,Up
HALLMARK_FATTY_ACID_METABOLISM,H2az1,Up
HALLMARK_FATTY_ACID_METABOLISM,Hadh,Up
HALLMARK_FATTY_ACID_METABOLISM,Hadhb,Up
HALLMARK_FATTY_ACID_METABOLISM,Hao2,Up
HALLMARK_FATTY_ACID_METABOLISM,Hccs,Up
HALLMARK_FATTY_ACID_METABOLISM,Hibch,Up
HALLMARK_FATTY_ACID_METABOLISM,Hmgcl,Up
HALLMARK_FATTY_ACID_METABOLISM,Hmgcs1,Up
HALLMARK_FATTY_ACID_METABOLISM,Hmgcs2,Up
HALLMARK_FATTY_ACID_METABOLISM,Hpgd,Up
HALLMARK_FATTY_ACID_METABOLISM,Hsd17b10,Up
HALLMARK_FATTY_ACID_METABOLISM,Hsd17b11,Up
HALLMARK_FATTY_ACID_METABOLISM,Hsd17b4,Up
HALLMARK_FATTY_ACID_METABOLISM,Hsd17b7,Up
HALLMARK_FATTY_ACID_METABOLISM,Hsdl2,Up
HALLMARK_FATTY_ACID_METABOLISM,Hsp90aa1,Up
HALLMARK_FATTY_ACID_METABOLISM,Hsph1,Up
HALLMARK_FATTY_ACID_METABOLISM,Idh1,Up
HALLMARK_FATTY_ACID_METABOLISM,Idh3b,Up
HALLMARK_FATTY_ACID_METABOLISM,Idh3g,Up
HALLMARK_FATTY_ACID_METABOLISM,Idi1,Up
HALLMARK_FATTY_ACID_METABOLISM,Inmt,Up
HALLMARK_FATTY_ACID_METABOLISM,Kmt5a,Up
HALLMARK_FATTY_ACID_METABOLISM,Ldha,Up
HALLMARK_FATTY_ACID_METABOLISM,Lgals1,Up
HALLMARK_FATTY_ACID_METABOLISM,Ltc4s,Up
HALLMARK_FATTY_ACID_METABOLISM,Maoa,Up
HALLMARK_FATTY_ACID_METABOLISM,Mcee,Up
HALLMARK_FATTY_ACID_METABOLISM,Mdh1,Up
HALLMARK_FATTY_ACID_METABOLISM,Mdh2,Up
HALLMARK_FATTY_ACID_METABOLISM,Me1,Up
HALLMARK_FATTY_ACID_METABOLISM,Metap1,Up
HALLMARK_FATTY_ACID_METABOLISM,Mgll,Up
HALLMARK_FATTY_ACID_METABOLISM,Mif,Up
HALLMARK_FATTY_ACID_METABOLISM,Mix23,Up
HALLMARK_FATTY_ACID_METABOLISM,Mlycd,Up
HALLMARK_FATTY_ACID_METABOLISM,Nbn,Up
HALLMARK_FATTY_ACID_METABOLISM,Ncaph2,Up
HALLMARK_FATTY_ACID_METABOLISM,Nsdhl,Up
HALLMARK_FATTY_ACID_METABOLISM,Nthl1,Up
HALLMARK_FATTY_ACID_METABOLISM,Odc1,Up
HALLMARK_FATTY_ACID_METABOLISM,Ostc,Up
HALLMARK_FATTY_ACID_METABOLISM,Pcbd1,Up
HALLMARK_FATTY_ACID_METABOLISM,Pdha1,Up
HALLMARK_FATTY_ACID_METABOLISM,Pdhb,Up
HALLMARK_FATTY_ACID_METABOLISM,Ppara,Up
HALLMARK_FATTY_ACID_METABOLISM,Prdx6,Up
HALLMARK_FATTY_ACID_METABOLISM,Psme1,Up
HALLMARK_FATTY_ACID_METABOLISM,Ptprg,Up
HALLMARK_FATTY_ACID_METABOLISM,Pts,Up
HALLMARK_FATTY_ACID_METABOLISM,Rap1gds1,Up
HALLMARK_FATTY_ACID_METABOLISM,Rdh1,Up
HALLMARK_FATTY_ACID_METABOLISM,Rdh11,Up
HALLMARK_FATTY_ACID_METABOLISM,Reep6,Up
HALLMARK_FATTY_ACID_METABOLISM,Retsat,Up
HALLMARK_FATTY_ACID_METABOLISM,S100a10,Up
HALLMARK_FATTY_ACID_METABOLISM,Sdha,Up
HALLMARK_FATTY_ACID_METABOLISM,Sdhc,Up
HALLMARK_FATTY_ACID_METABOLISM,Sdhd,Up
HALLMARK_FATTY_ACID_METABOLISM,Serinc1,Up
HALLMARK_FATTY_ACID_METABOLISM,Slc22a5,Up
HALLMARK_FATTY_ACID_METABOLISM,Sms-ps,Up
HALLMARK_FATTY_ACID_METABOLISM,Sucla2,Up
HALLMARK_FATTY_ACID_METABOLISM,Suclg1,Up
HALLMARK_FATTY_ACID_METABOLISM,Suclg2,Up
HALLMARK_FATTY_ACID_METABOLISM,Tdo2,Up
HALLMARK_FATTY_ACID_METABOLISM,Trp53inp2,Up
HALLMARK_FATTY_ACID_METABOLISM,Ube2l6,Up
HALLMARK_FATTY_ACID_METABOLISM,Ugdh,Up
HALLMARK_FATTY_ACID_METABOLISM,Urod,Up
HALLMARK_FATTY_ACID_METABOLISM,Uros,Up
HALLMARK_FATTY_ACID_METABOLISM,Vnn1,Up
HALLMARK_FATTY_ACID_METABOLISM,Xist,Up
HALLMARK_FATTY_ACID_METABOLISM,Ywhah,Up
HALLMARK_XENOBIOTIC_METABOLISM,Abcc2,Down
HALLMARK_XENOBIOTIC_METABOLISM,Abcc3,Down
HALLMARK_XENOBIOTIC_METABOLISM,Abcd2,Down
HALLMARK_XENOBIOTIC_METABOLISM,Abhd6,Down
HALLMARK_XENOBIOTIC_METABOLISM,Aco2,Down
HALLMARK_XENOBIOTIC_METABOLISM,Acox1,Down
HALLMARK_XENOBIOTIC_METABOLISM,Acox2,Down
HALLMARK_XENOBIOTIC_METABOLISM,Acox3,Down
HALLMARK_XENOBIOTIC_METABOLISM,Acp1,Down
HALLMARK_XENOBIOTIC_METABOLISM,Acp2,Down
HALLMARK_XENOBIOTIC_METABOLISM,Acsm1,Down
HALLMARK_XENOBIOTIC_METABOLISM,Adh5,Down
HALLMARK_XENOBIOTIC_METABOLISM,Adh7,Down
HALLMARK_XENOBIOTIC_METABOLISM,Ahcyl,Down
HALLMARK_XENOBIOTIC_METABOLISM,Akr1c6,Down
HALLMARK_XENOBIOTIC_METABOLISM,Alas1,Down
HALLMARK_XENOBIOTIC_METABOLISM,Aldh2,Down
HALLMARK_XENOBIOTIC_METABOLISM,Aldh3a1,Down
HALLMARK_XENOBIOTIC_METABOLISM,Aldh9a1,Down
HALLMARK_XENOBIOTIC_METABOLISM,Angptl3,Down
HALLMARK_XENOBIOTIC_METABOLISM,Aox1,Down
HALLMARK_XENOBIOTIC_METABOLISM,Ap4b1,Down
HALLMARK_XENOBIOTIC_METABOLISM,Apoe,Down
HALLMARK_XENOBIOTIC_METABOLISM,Aqp9,Down
HALLMARK_XENOBIOTIC_METABOLISM,Arg1,Down
HALLMARK_XENOBIOTIC_METABOLISM,Arg2,Down
HALLMARK_XENOBIOTIC_METABOLISM,Arpp19,Down
HALLMARK_XENOBIOTIC_METABOLISM,Asl,Down
HALLMARK_XENOBIOTIC_METABOLISM,Atoh8,Down
HALLMARK_XENOBIOTIC_METABOLISM,Atp2a2,Down
HALLMARK_XENOBIOTIC_METABOLISM,Bcar1,Down
HALLMARK_XENOBIOTIC_METABOLISM,Bcat1,Down
HALLMARK_XENOBIOTIC_METABOLISM,Blvrb,Down
HALLMARK_XENOBIOTIC_METABOLISM,Bphl,Down
HALLMARK_XENOBIOTIC_METABOLISM,Car2,Down
HALLMARK_XENOBIOTIC_METABOLISM,Casp6,Down
HALLMARK_XENOBIOTIC_METABOLISM,Cat,Down
HALLMARK_XENOBIOTIC_METABOLISM,Cbr1,Down
HALLMARK_XENOBIOTIC_METABOLISM,Ccl25,Down
HALLMARK_XENOBIOTIC_METABOLISM,Cd36,Down
HALLMARK_XENOBIOTIC_METABOLISM,Cda,Down
HALLMARK_XENOBIOTIC_METABOLISM,Cdo1,Down
HALLMARK_XENOBIOTIC_METABOLISM,Ces1d,Down
HALLMARK_XENOBIOTIC_METABOLISM,Cfb,Down
HALLMARK_XENOBIOTIC_METABOLISM,Cndp2,Down
HALLMARK_XENOBIOTIC_METABOLISM,Comt,Down
HALLMARK_XENOBIOTIC_METABOLISM,Crot,Down
HALLMARK_XENOBIOTIC_METABOLISM,Crp,Down
HALLMARK_XENOBIOTIC_METABOLISM,Csad,Down
HALLMARK_XENOBIOTIC_METABOLISM,Cyb5a,Down
HALLMARK_XENOBIOTIC_METABOLISM,Cyfip2,Down
HALLMARK_XENOBIOTIC_METABOLISM,Cyp17a1,Down
HALLMARK_XENOBIOTIC_METABOLISM,Cyp1a1,Down
HALLMARK_XENOBIOTIC_METABOLISM,Cyp1a2,Down
HALLMARK_XENOBIOTIC_METABOLISM,Cyp26a1,Down
HALLMARK_XENOBIOTIC_METABOLISM,Cyp27a1,Down
HALLMARK_XENOBIOTIC_METABOLISM,Cyp2c55,Down
HALLMARK_XENOBIOTIC_METABOLISM,Cyp2e1,Down
HALLMARK_XENOBIOTIC_METABOLISM,Cyp2j6,Down
HALLMARK_XENOBIOTIC_METABOLISM,Cyp2s1,Down
HALLMARK_XENOBIOTIC_METABOLISM,Cyp4f14,Down
HALLMARK_XENOBIOTIC_METABOLISM,Dcxr,Down
HALLMARK_XENOBIOTIC_METABOLISM,Ddah2,Down
HALLMARK_XENOBIOTIC_METABOLISM,Ddc,Down
HALLMARK_XENOBIOTIC_METABOLISM,Ddt,Down
HALLMARK_XENOBIOTIC_METABOLISM,Dhps,Down
HALLMARK_XENOBIOTIC_METABOLISM,Dhrs1,Down
HALLMARK_XENOBIOTIC_METABOLISM,Dhrs7,Down
HALLMARK_XENOBIOTIC_METABOLISM,Ech1,Down
HALLMARK_XENOBIOTIC_METABOLISM,Elovl5,Down
HALLMARK_XENOBIOTIC_METABOLISM,Enpep,Down
HALLMARK_XENOBIOTIC_METABOLISM,Entpd5,Down
HALLMARK_XENOBIOTIC_METABOLISM,Epha2,Down
HALLMARK_XENOBIOTIC_METABOLISM,Ephx1,Down
HALLMARK_XENOBIOTIC_METABOLISM,Esr1,Down
HALLMARK_XENOBIOTIC_METABOLISM,Etfdh,Down
HALLMARK_XENOBIOTIC_METABOLISM,Ets2,Down
HALLMARK_XENOBIOTIC_METABOLISM,F10,Down
HALLMARK_XENOBIOTIC_METABOLISM,F11,Down
HALLMARK_XENOBIOTIC_METABOLISM,Fabp1,Down
HALLMARK_XENOBIOTIC_METABOLISM,Fah,Down
HALLMARK_XENOBIOTIC_METABOLISM,Fas,Down
HALLMARK_XENOBIOTIC_METABOLISM,Fbln1,Down
HALLMARK_XENOBIOTIC_METABOLISM,Fbp1,Down
HALLMARK_XENOBIOTIC_METABOLISM,Fetub,Down
HALLMARK_XENOBIOTIC_METABOLISM,Fmo1,Down
HALLMARK_XENOBIOTIC_METABOLISM,Fmo3,Down
HALLMARK_XENOBIOTIC_METABOLISM,G6pc1,Down
HALLMARK_XENOBIOTIC_METABOLISM,Gabarapl1,Down
HALLMARK_XENOBIOTIC_METABOLISM,Gad1,Down
HALLMARK_XENOBIOTIC_METABOLISM,Gart,Down
HALLMARK_XENOBIOTIC_METABOLISM,Gch1,Down
HALLMARK_XENOBIOTIC_METABOLISM,Gckr,Down
HALLMARK_XENOBIOTIC_METABOLISM,Gclc,Down
HALLMARK_XENOBIOTIC_METABOLISM,Gcnt2,Down
HALLMARK_XENOBIOTIC_METABOLISM,Gnmt,Down
HALLMARK_XENOBIOTIC_METABOLISM,Gsr,Down
HALLMARK_XENOBIOTIC_METABOLISM,Gss,Down
HALLMARK_XENOBIOTIC_METABOLISM,Gstm4,Down
HALLMARK_XENOBIOTIC_METABOLISM,Gsto1,Down
HALLMARK_XENOBIOTIC_METABOLISM,Gstt2,Down
HALLMARK_XENOBIOTIC_METABOLISM,Hacl1,Down
HALLMARK_XENOBIOTIC_METABOLISM,Hes6,Down
HALLMARK_XENOBIOTIC_METABOLISM,Hgfac,Down
HALLMARK_XENOBIOTIC_METABOLISM,Hmox1,Down
HALLMARK_XENOBIOTIC_METABOLISM,Hnf4a,Down
HALLMARK_XENOBIOTIC_METABOLISM,Hprt1,Down
HALLMARK_XENOBIOTIC_METABOLISM,Hrg,Down
HALLMARK_XENOBIOTIC_METABOLISM,Hsd11b1,Down
HALLMARK_XENOBIOTIC_METABOLISM,Hsd17b2,Down
HALLMARK_XENOBIOTIC_METABOLISM,Id2,Down
HALLMARK_XENOBIOTIC_METABOLISM,Idh1,Down
HALLMARK_XENOBIOTIC_METABOLISM,Igf1,Down
HALLMARK_XENOBIOTIC_METABOLISM,Igfbp1,Down
HALLMARK_XENOBIOTIC_METABOLISM,Igfbp4,Down
HALLMARK_XENOBIOTIC_METABOLISM,Il1r1,Down
HALLMARK_XENOBIOTIC_METABOLISM,Irf8,Down
HALLMARK_XENOBIOTIC_METABOLISM,Itih1,Down
HALLMARK_XENOBIOTIC_METABOLISM,Itih4,Down
HALLMARK_XENOBIOTIC_METABOLISM,Jup,Down
HALLMARK_XENOBIOTIC_METABOLISM,Kars1,Down
HALLMARK_XENOBIOTIC_METABOLISM,Kynu,Down
HALLMARK_XENOBIOTIC_METABOLISM,Lcat,Down
HALLMARK_XENOBIOTIC_METABOLISM,Leap2,Down
HALLMARK_XENOBIOTIC_METABOLISM,Lonp1,Down
HALLMARK_XENOBIOTIC_METABOLISM,Lpin2,Down
HALLMARK_XENOBIOTIC_METABOLISM,Man1a,Down
HALLMARK_XENOBIOTIC_METABOLISM,Maoa,Down
HALLMARK_XENOBIOTIC_METABOLISM,Marchf6,Down
HALLMARK_XENOBIOTIC_METABOLISM,Mbl2,Down
HALLMARK_XENOBIOTIC_METABOLISM,Mccc2,Down
HALLMARK_XENOBIOTIC_METABOLISM,Mpp2,Down
HALLMARK_XENOBIOTIC_METABOLISM,Mthfd1,Down
HALLMARK_XENOBIOTIC_METABOLISM,Ndrg2,Down
HALLMARK_XENOBIOTIC_METABOLISM,Nfs1,Down
HALLMARK_XENOBIOTIC_METABOLISM,Ninj1,Down
HALLMARK_XENOBIOTIC_METABOLISM,Nmt1,Down
HALLMARK_XENOBIOTIC_METABOLISM,Npc1,Down
HALLMARK_XENOBIOTIC_METABOLISM,Nqo1,Down
HALLMARK_XENOBIOTIC_METABOLISM,Papss2,Down
HALLMARK_XENOBIOTIC_METABOLISM,Pcx,Down
HALLMARK_XENOBIOTIC_METABOLISM,Pdk4,Down
HALLMARK_XENOBIOTIC_METABOLISM,Pdlim5,Down
HALLMARK_XENOBIOTIC_METABOLISM,Pemt,Down
HALLMARK_XENOBIOTIC_METABOLISM,Pgd,Down
HALLMARK_XENOBIOTIC_METABOLISM,Pgrmc1,Down
HALLMARK_XENOBIOTIC_METABOLISM,Pink1,Down
HALLMARK_XENOBIOTIC_METABOLISM,Plg,Down
HALLMARK_XENOBIOTIC_METABOLISM,Pmm1,Down
HALLMARK_XENOBIOTIC_METABOLISM,Por,Down
HALLMARK_XENOBIOTIC_METABOLISM,Ppard,Down
HALLMARK_XENOBIOTIC_METABOLISM,Pros1,Down
HALLMARK_XENOBIOTIC_METABOLISM,Psmb10,Down
HALLMARK_XENOBIOTIC_METABOLISM,Ptgds,Down
HALLMARK_XENOBIOTIC_METABOLISM,Ptges,Down
HALLMARK_XENOBIOTIC_METABOLISM,Ptges3-ps,Down
HALLMARK_XENOBIOTIC_METABOLISM,Ptgr1,Down
HALLMARK_XENOBIOTIC_METABOLISM,Pts,Down
HALLMARK_XENOBIOTIC_METABOLISM,Pycr1,Down
HALLMARK_XENOBIOTIC_METABOLISM,Rap1gap,Down
HALLMARK_XENOBIOTIC_METABOLISM,Rbp4,Down
HALLMARK_XENOBIOTIC_METABOLISM,Reg1,Down
HALLMARK_XENOBIOTIC_METABOLISM,Retsat,Down
HALLMARK_XENOBIOTIC_METABOLISM,Sar1b,Down
HALLMARK_XENOBIOTIC_METABOLISM,Serpina6,Down
HALLMARK_XENOBIOTIC_METABOLISM,Serpine1,Down
HALLMARK_XENOBIOTIC_METABOLISM,Sertad1,Down
HALLMARK_XENOBIOTIC_METABOLISM,Shmt2,Down
HALLMARK_XENOBIOTIC_METABOLISM,Slc12a4,Down
HALLMARK_XENOBIOTIC_METABOLISM,Slc1a5,Down
HALLMARK_XENOBIOTIC_METABOLISM,Slc22a1,Down
HALLMARK_XENOBIOTIC_METABOLISM,Slc35b1,Down
HALLMARK_XENOBIOTIC_METABOLISM,Slc35d1,Down
HALLMARK_XENOBIOTIC_METABOLISM,Slc46a3,Down
HALLMARK_XENOBIOTIC_METABOLISM,Slc6a12,Down
HALLMARK_XENOBIOTIC_METABOLISM,Slc6a6,Down
HALLMARK_XENOBIOTIC_METABOLISM,Smox,Down
HALLMARK_XENOBIOTIC_METABOLISM,Spint2,Down
HALLMARK_XENOBIOTIC_METABOLISM,Ssr3,Down
HALLMARK_XENOBIOTIC_METABOLISM,Tat,Down
HALLMARK_XENOBIOTIC_METABOLISM,Tdo2,Down
HALLMARK_XENOBIOTIC_METABOLISM,Tgfb2,Down
HALLMARK_XENOBIOTIC_METABOLISM,Tkfc,Down
HALLMARK_XENOBIOTIC_METABOLISM,Tmbim6,Down
HALLMARK_XENOBIOTIC_METABOLISM,Tmem176b,Down
HALLMARK_XENOBIOTIC_METABOLISM,Tmem97,Down
HALLMARK_XENOBIOTIC_METABOLISM,Tnfrsf1a,Down
HALLMARK_XENOBIOTIC_METABOLISM,Tpst1,Down
HALLMARK_XENOBIOTIC_METABOLISM,Ttpa,Down
HALLMARK_XENOBIOTIC_METABOLISM,Tyr,Down
HALLMARK_XENOBIOTIC_METABOLISM,Ugdh,Down
HALLMARK_XENOBIOTIC_METABOLISM,Upb1,Down
HALLMARK_XENOBIOTIC_METABOLISM,Upp1,Down
HALLMARK_XENOBIOTIC_METABOLISM,Vnn1,Down
HALLMARK_XENOBIOTIC_METABOLISM,Vtn,Down
HALLMARK_XENOBIOTIC_METABOLISM,Xdh,Down
