source,target
REACTOME_GLUCOSE_METABOLISM,Aaas
REACTOME_GLUCOSE_METABOLISM,Adpgk
REACTOME_GLUCOSE_METABOLISM,Aldoa
REACTOME_GLUCOSE_METABOLISM,Aldob
REACTOME_GLUCOSE_METABOLISM,Aldoc
REACTOME_GLUCOSE_METABOLISM,Bpgm
REACTOME_GLUCOSE_METABOLISM,Eno2
REACTOME_GLUCOSE_METABOLISM,Eno3
REACTOME_GLUCOSE_METABOLISM,Eno4
REACTOME_GLUCOSE_METABOLISM,Fbp1
REACTOME_GLUCOSE_METABOLISM,Fbp2
REACTOME_GLUCOSE_METABOLISM,G6pc1
REACTOME_GLUCOSE_METABOLISM,G6pc2
REACTOME_GLUCOSE_METABOLISM,G6pc3
REACTOME_GLUCOSE_METABOLISM,Gapdh
REACTOME_GLUCOSE_METABOLISM,Gapdhs
REACTOME_GLUCOSE_METABOLISM,Gck
REACTOME_GLUCOSE_METABOLISM,Gckr
REACTOME_GLUCOSE_METABOLISM,Gnpda1
REACTOME_GLUCOSE_METABOLISM,Gnpda2
REACTOME_GLUCOSE_METABOLISM,Gpi1
REACTOME_GLUCOSE_METABOLISM,Hk1
REACTOME_GLUCOSE_METABOLISM,Hk2
REACTOME_GLUCOSE_METABOLISM,Hk3
REACTOME_GLUCOSE_METABOLISM,Hkdc1
REACTOME_GLUCOSE_METABOLISM,Ndc1
REACTOME_GLUCOSE_METABOLISM,Nup107
REACTOME_GLUCOSE_METABOLISM,Nup133
REACTOME_GLUCOSE_METABOLISM,Nup153
REACTOME_GLUCOSE_METABOLISM,Nup155
REACTOME_GLUCOSE_METABOLISM,Nup160
REACTOME_GLUCOSE_METABOLISM,Nup188
REACTOME_GLUCOSE_METABOLISM,Nup205
REACTOME_GLUCOSE_METABOLISM,Nup210
REACTOME_GLUCOSE_METABOLISM,Nup214
REACTOME_GLUCOSE_METABOLISM,Nup35
REACTOME_GLUCOSE_METABOLISM,Nup37
REACTOME_GLUCOSE_METABOLISM,Nup43
REACTOME_GLUCOSE_METABOLISM,Nup50
REACTOME_GLUCOSE_METABOLISM,Nup54
REACTOME_GLUCOSE_METABOLISM,Nup58
REACTOME_GLUCOSE_METABOLISM,Nup62
REACTOME_GLUCOSE_METABOLISM,Nup85
REACTOME_GLUCOSE_METABOLISM,Nup88
REACTOME_GLUCOSE_METABOLISM,Nup93
REACTOME_GLUCOSE_METABOLISM,Nup98
REACTOME_GLUCOSE_METABOLISM,Nupl2
REACTOME_GLUCOSE_METABOLISM,Pck1
REACTOME_GLUCOSE_METABOLISM,Pck2
REACTOME_GLUCOSE_METABOLISM,Pcx
REACTOME_GLUCOSE_METABOLISM,Pfkfb1
REACTOME_GLUCOSE_METABOLISM,Pfkfb2
REACTOME_GLUCOSE_METABOLISM,Pfkfb3
REACTOME_GLUCOSE_METABOLISM,Pfkfb4
REACTOME_GLUCOSE_METABOLISM,Pfkl
REACTOME_GLUCOSE_METABOLISM,Pfkm
REACTOME_GLUCOSE_METABOLISM,Pfkp
REACTOME_GLUCOSE_METABOLISM,Pgam1
REACTOME_GLUCOSE_METABOLISM,Pgam2
REACTOME_GLUCOSE_METABOLISM,Pgk1
REACTOME_GLUCOSE_METABOLISM,Pgk2
REACTOME_GLUCOSE_METABOLISM,Pgm2l1
REACTOME_GLUCOSE_METABOLISM,Pkm
REACTOME_GLUCOSE_METABOLISM,Pom121
REACTOME_GLUCOSE_METABOLISM,Rae1
REACTOME_GLUCOSE_METABOLISM,Ranbp2
REACTOME_GLUCOSE_METABOLISM,Sec13
REACTOME_GLUCOSE_METABOLISM,Seh1l
REACTOME_GLUCOSE_METABOLISM,Slc37a1
REACTOME_GLUCOSE_METABOLISM,Slc37a2
REACTOME_GLUCOSE_METABOLISM,Slc37a4
REACTOME_GLUCOSE_METABOLISM,Tpi1
REACTOME_GLUCOSE_METABOLISM,Tpr
REACTOME_GLYCOGEN_METABOLISM,Agl
REACTOME_GLYCOGEN_METABOLISM,Calm1
REACTOME_GLYCOGEN_METABOLISM,Calm2
REACTOME_GLYCOGEN_METABOLISM,Calm3
REACTOME_GLYCOGEN_METABOLISM,Gaa
REACTOME_GLYCOGEN_METABOLISM,Gbe1
REACTOME_GLYCOGEN_METABOLISM,Gyg1
REACTOME_GLYCOGEN_METABOLISM,Gys1
REACTOME_GLYCOGEN_METABOLISM,Pgm1
REACTOME_GLYCOGEN_METABOLISM,Phka1
REACTOME_GLYCOGEN_METABOLISM,Phka2
REACTOME_GLYCOGEN_METABOLISM,Phkb
REACTOME_GLYCOGEN_METABOLISM,Phkg1
REACTOME_GLYCOGEN_METABOLISM,Phkg2
REACTOME_GLYCOGEN_METABOLISM,Ppp1r3c
REACTOME_GLYCOGEN_METABOLISM,Pygl
REACTOME_GLYCOGEN_METABOLISM,Pygm
REACTOME_GLYCOGEN_METABOLISM,Ugp2
REACTOME_METABOLISM_OF_CARBOHYDRATES,Aaas
REACTOME_METABOLISM_OF_CARBOHYDRATES,Abcc5
REACTOME_METABOLISM_OF_CARBOHYDRATES,Abo
REACTOME_METABOLISM_OF_CARBOHYDRATES,Acan
REACTOME_METABOLISM_OF_CARBOHYDRATES,Adpgk
REACTOME_METABOLISM_OF_CARBOHYDRATES,Agl
REACTOME_METABOLISM_OF_CARBOHYDRATES,Agrn
REACTOME_METABOLISM_OF_CARBOHYDRATES,Akr1a1
REACTOME_METABOLISM_OF_CARBOHYDRATES,Akr1b1
REACTOME_METABOLISM_OF_CARBOHYDRATES,Aldh1a1
REACTOME_METABOLISM_OF_CARBOHYDRATES,Aldoa
REACTOME_METABOLISM_OF_CARBOHYDRATES,Aldob
REACTOME_METABOLISM_OF_CARBOHYDRATES,Aldoc
REACTOME_METABOLISM_OF_CARBOHYDRATES,Arsb
REACTOME_METABOLISM_OF_CARBOHYDRATES,B3galt1
REACTOME_METABOLISM_OF_CARBOHYDRATES,B3galt2
REACTOME_METABOLISM_OF_CARBOHYDRATES,B3galt4
REACTOME_METABOLISM_OF_CARBOHYDRATES,B3galt5
REACTOME_METABOLISM_OF_CARBOHYDRATES,B3galt6
REACTOME_METABOLISM_OF_CARBOHYDRATES,B3gat1
REACTOME_METABOLISM_OF_CARBOHYDRATES,B3gat2
REACTOME_METABOLISM_OF_CARBOHYDRATES,B3gat3
REACTOME_METABOLISM_OF_CARBOHYDRATES,B3gnt2
REACTOME_METABOLISM_OF_CARBOHYDRATES,B3gnt3
REACTOME_METABOLISM_OF_CARBOHYDRATES,B3gnt4
REACTOME_METABOLISM_OF_CARBOHYDRATES,B3gnt7
REACTOME_METABOLISM_OF_CARBOHYDRATES,B4galnt2
REACTOME_METABOLISM_OF_CARBOHYDRATES,B4galt1
REACTOME_METABOLISM_OF_CARBOHYDRATES,B4galt2
REACTOME_METABOLISM_OF_CARBOHYDRATES,B4galt3
REACTOME_METABOLISM_OF_CARBOHYDRATES,B4galt4
REACTOME_METABOLISM_OF_CARBOHYDRATES,B4galt5
REACTOME_METABOLISM_OF_CARBOHYDRATES,B4galt6
REACTOME_METABOLISM_OF_CARBOHYDRATES,B4galt7
REACTOME_METABOLISM_OF_CARBOHYDRATES,B4gat1
REACTOME_METABOLISM_OF_CARBOHYDRATES,Bcan
REACTOME_METABOLISM_OF_CARBOHYDRATES,Bgn
REACTOME_METABOLISM_OF_CARBOHYDRATES,Bpgm
REACTOME_METABOLISM_OF_CARBOHYDRATES,Calm1
REACTOME_METABOLISM_OF_CARBOHYDRATES,Calm2
REACTOME_METABOLISM_OF_CARBOHYDRATES,Calm3
REACTOME_METABOLISM_OF_CARBOHYDRATES,Cd44
REACTOME_METABOLISM_OF_CARBOHYDRATES,Cemip
REACTOME_METABOLISM_OF_CARBOHYDRATES,Chp1
REACTOME_METABOLISM_OF_CARBOHYDRATES,Chpf
REACTOME_METABOLISM_OF_CARBOHYDRATES,Chpf2
REACTOME_METABOLISM_OF_CARBOHYDRATES,Chst1
REACTOME_METABOLISM_OF_CARBOHYDRATES,Chst11
REACTOME_METABOLISM_OF_CARBOHYDRATES,Chst12
REACTOME_METABOLISM_OF_CARBOHYDRATES,Chst13
REACTOME_METABOLISM_OF_CARBOHYDRATES,Chst14
REACTOME_METABOLISM_OF_CARBOHYDRATES,Chst15
REACTOME_METABOLISM_OF_CARBOHYDRATES,Chst2
REACTOME_METABOLISM_OF_CARBOHYDRATES,Chst3
REACTOME_METABOLISM_OF_CARBOHYDRATES,Chst5
REACTOME_METABOLISM_OF_CARBOHYDRATES,Chst7
REACTOME_METABOLISM_OF_CARBOHYDRATES,Chst9
REACTOME_METABOLISM_OF_CARBOHYDRATES,Chsy1
REACTOME_METABOLISM_OF_CARBOHYDRATES,Chsy3
REACTOME_METABOLISM_OF_CARBOHYDRATES,Cryl1
REACTOME_METABOLISM_OF_CARBOHYDRATES,Csgalnact1
REACTOME_METABOLISM_OF_CARBOHYDRATES,Csgalnact2
REACTOME_METABOLISM_OF_CARBOHYDRATES,Cspg4
REACTOME_METABOLISM_OF_CARBOHYDRATES,Cspg5
REACTOME_METABOLISM_OF_CARBOHYDRATES,Dcn
REACTOME_METABOLISM_OF_CARBOHYDRATES,Dcxr
REACTOME_METABOLISM_OF_CARBOHYDRATES,Dera
REACTOME_METABOLISM_OF_CARBOHYDRATES,Dse
REACTOME_METABOLISM_OF_CARBOHYDRATES,Dsel
REACTOME_METABOLISM_OF_CARBOHYDRATES,Eno2
REACTOME_METABOLISM_OF_CARBOHYDRATES,Eno3
REACTOME_METABOLISM_OF_CARBOHYDRATES,Eno4
REACTOME_METABOLISM_OF_CARBOHYDRATES,Ext1
REACTOME_METABOLISM_OF_CARBOHYDRATES,Ext2
REACTOME_METABOLISM_OF_CARBOHYDRATES,Fbp1
REACTOME_METABOLISM_OF_CARBOHYDRATES,Fbp2
REACTOME_METABOLISM_OF_CARBOHYDRATES,Fmod
REACTOME_METABOLISM_OF_CARBOHYDRATES,Fut1
REACTOME_METABOLISM_OF_CARBOHYDRATES,Fut10
REACTOME_METABOLISM_OF_CARBOHYDRATES,Fut11
REACTOME_METABOLISM_OF_CARBOHYDRATES,Fut2
REACTOME_METABOLISM_OF_CARBOHYDRATES,Fut4
REACTOME_METABOLISM_OF_CARBOHYDRATES,Fut7
REACTOME_METABOLISM_OF_CARBOHYDRATES,Fut9
REACTOME_METABOLISM_OF_CARBOHYDRATES,G6pc1
REACTOME_METABOLISM_OF_CARBOHYDRATES,G6pc2
REACTOME_METABOLISM_OF_CARBOHYDRATES,G6pc3
REACTOME_METABOLISM_OF_CARBOHYDRATES,G6pdx
REACTOME_METABOLISM_OF_CARBOHYDRATES,Gaa
REACTOME_METABOLISM_OF_CARBOHYDRATES,Gale
REACTOME_METABOLISM_OF_CARBOHYDRATES,Galk1
REACTOME_METABOLISM_OF_CARBOHYDRATES,Galns
REACTOME_METABOLISM_OF_CARBOHYDRATES,Galt
REACTOME_METABOLISM_OF_CARBOHYDRATES,Gapdh
REACTOME_METABOLISM_OF_CARBOHYDRATES,Gapdhs
REACTOME_METABOLISM_OF_CARBOHYDRATES,Gbe1
REACTOME_METABOLISM_OF_CARBOHYDRATES,Gck
REACTOME_METABOLISM_OF_CARBOHYDRATES,Gckr
REACTOME_METABOLISM_OF_CARBOHYDRATES,Glb1
REACTOME_METABOLISM_OF_CARBOHYDRATES,Glb1l
REACTOME_METABOLISM_OF_CARBOHYDRATES,Glb1l2
REACTOME_METABOLISM_OF_CARBOHYDRATES,Glb1l3
REACTOME_METABOLISM_OF_CARBOHYDRATES,Glyctk
REACTOME_METABOLISM_OF_CARBOHYDRATES,Gnpda1
REACTOME_METABOLISM_OF_CARBOHYDRATES,Gnpda2
REACTOME_METABOLISM_OF_CARBOHYDRATES,Gns
REACTOME_METABOLISM_OF_CARBOHYDRATES,Gpc1
REACTOME_METABOLISM_OF_CARBOHYDRATES,Gpc2
REACTOME_METABOLISM_OF_CARBOHYDRATES,Gpc3
REACTOME_METABOLISM_OF_CARBOHYDRATES,Gpc4
REACTOME_METABOLISM_OF_CARBOHYDRATES,Gpc5
REACTOME_METABOLISM_OF_CARBOHYDRATES,Gpc6
REACTOME_METABOLISM_OF_CARBOHYDRATES,Gpi1
REACTOME_METABOLISM_OF_CARBOHYDRATES,Gusb
REACTOME_METABOLISM_OF_CARBOHYDRATES,Gyg1
REACTOME_METABOLISM_OF_CARBOHYDRATES,Gys1
REACTOME_METABOLISM_OF_CARBOHYDRATES,Has1
REACTOME_METABOLISM_OF_CARBOHYDRATES,Has2
REACTOME_METABOLISM_OF_CARBOHYDRATES,Has3
REACTOME_METABOLISM_OF_CARBOHYDRATES,Hexa
REACTOME_METABOLISM_OF_CARBOHYDRATES,Hexb
REACTOME_METABOLISM_OF_CARBOHYDRATES,Hgsnat
REACTOME_METABOLISM_OF_CARBOHYDRATES,Hk1
REACTOME_METABOLISM_OF_CARBOHYDRATES,Hk2
REACTOME_METABOLISM_OF_CARBOHYDRATES,Hk3
REACTOME_METABOLISM_OF_CARBOHYDRATES,Hkdc1
REACTOME_METABOLISM_OF_CARBOHYDRATES,Hmmr
REACTOME_METABOLISM_OF_CARBOHYDRATES,Hpse
REACTOME_METABOLISM_OF_CARBOHYDRATES,Hpse2
REACTOME_METABOLISM_OF_CARBOHYDRATES,Hs2st1
REACTOME_METABOLISM_OF_CARBOHYDRATES,Hs3st1
REACTOME_METABOLISM_OF_CARBOHYDRATES,Hs3st2
REACTOME_METABOLISM_OF_CARBOHYDRATES,Hs3st3a1
REACTOME_METABOLISM_OF_CARBOHYDRATES,Hs3st3b1
REACTOME_METABOLISM_OF_CARBOHYDRATES,Hs3st4
REACTOME_METABOLISM_OF_CARBOHYDRATES,Hs3st5
REACTOME_METABOLISM_OF_CARBOHYDRATES,Hs3st6
REACTOME_METABOLISM_OF_CARBOHYDRATES,Hs6st1
REACTOME_METABOLISM_OF_CARBOHYDRATES,Hs6st2
REACTOME_METABOLISM_OF_CARBOHYDRATES,Hs6st3
REACTOME_METABOLISM_OF_CARBOHYDRATES,Hyal1
REACTOME_METABOLISM_OF_CARBOHYDRATES,Hyal2
REACTOME_METABOLISM_OF_CARBOHYDRATES,Hyal3
REACTOME_METABOLISM_OF_CARBOHYDRATES,Ids
REACTOME_METABOLISM_OF_CARBOHYDRATES,Idua
REACTOME_METABOLISM_OF_CARBOHYDRATES,Kera
REACTOME_METABOLISM_OF_CARBOHYDRATES,Khk
REACTOME_METABOLISM_OF_CARBOHYDRATES,Lalba
REACTOME_METABOLISM_OF_CARBOHYDRATES,Lum
REACTOME_METABOLISM_OF_CARBOHYDRATES,Lyve1
REACTOME_METABOLISM_OF_CARBOHYDRATES,Man2b1
REACTOME_METABOLISM_OF_CARBOHYDRATES,Man2b2
REACTOME_METABOLISM_OF_CARBOHYDRATES,Man2c1
REACTOME_METABOLISM_OF_CARBOHYDRATES,Manba
REACTOME_METABOLISM_OF_CARBOHYDRATES,Naglu
REACTOME_METABOLISM_OF_CARBOHYDRATES,Ndc1
REACTOME_METABOLISM_OF_CARBOHYDRATES,Ndst1
REACTOME_METABOLISM_OF_CARBOHYDRATES,Ndst2
REACTOME_METABOLISM_OF_CARBOHYDRATES,Ndst3
REACTOME_METABOLISM_OF_CARBOHYDRATES,Ndst4
REACTOME_METABOLISM_OF_CARBOHYDRATES,Nup107
REACTOME_METABOLISM_OF_CARBOHYDRATES,Nup133
REACTOME_METABOLISM_OF_CARBOHYDRATES,Nup153
REACTOME_METABOLISM_OF_CARBOHYDRATES,Nup155
REACTOME_METABOLISM_OF_CARBOHYDRATES,Nup160
REACTOME_METABOLISM_OF_CARBOHYDRATES,Nup188
REACTOME_METABOLISM_OF_CARBOHYDRATES,Nup205
REACTOME_METABOLISM_OF_CARBOHYDRATES,Nup210
REACTOME_METABOLISM_OF_CARBOHYDRATES,Nup214
REACTOME_METABOLISM_OF_CARBOHYDRATES,Nup35
REACTOME_METABOLISM_OF_CARBOHYDRATES,Nup37
REACTOME_METABOLISM_OF_CARBOHYDRATES,Nup43
REACTOME_METABOLISM_OF_CARBOHYDRATES,Nup50
REACTOME_METABOLISM_OF_CARBOHYDRATES,Nup54
REACTOME_METABOLISM_OF_CARBOHYDRATES,Nup58
REACTOME_METABOLISM_OF_CARBOHYDRATES,Nup62
REACTOME_METABOLISM_OF_CARBOHYDRATES,Nup85
REACTOME_METABOLISM_OF_CARBOHYDRATES,Nup88
REACTOME_METABOLISM_OF_CARBOHYDRATES,Nup93
REACTOME_METABOLISM_OF_CARBOHYDRATES,Nup98
REACTOME_METABOLISM_OF_CARBOHYDRATES,Nupl2
REACTOME_METABOLISM_OF_CARBOHYDRATES,Ogn
REACTOME_METABOLISM_OF_CARBOHYDRATES,Omd
REACTOME_METABOLISM_OF_CARBOHYDRATES,Papss1
REACTOME_METABOLISM_OF_CARBOHYDRATES,Papss2
REACTOME_METABOLISM_OF_CARBOHYDRATES,Pck1
REACTOME_METABOLISM_OF_CARBOHYDRATES,Pck2
REACTOME_METABOLISM_OF_CARBOHYDRATES,Pcx
REACTOME_METABOLISM_OF_CARBOHYDRATES,Pfkfb1
REACTOME_METABOLISM_OF_CARBOHYDRATES,Pfkfb2
REACTOME_METABOLISM_OF_CARBOHYDRATES,Pfkfb3
REACTOME_METABOLISM_OF_CARBOHYDRATES,Pfkfb4
REACTOME_METABOLISM_OF_CARBOHYDRATES,Pfkl
REACTOME_METABOLISM_OF_CARBOHYDRATES,Pfkm
REACTOME_METABOLISM_OF_CARBOHYDRATES,Pfkp
REACTOME_METABOLISM_OF_CARBOHYDRATES,Pgam1
REACTOME_METABOLISM_OF_CARBOHYDRATES,Pgam2
REACTOME_METABOLISM_OF_CARBOHYDRATES,Pgd
REACTOME_METABOLISM_OF_CARBOHYDRATES,Pgk1
REACTOME_METABOLISM_OF_CARBOHYDRATES,Pgk2
REACTOME_METABOLISM_OF_CARBOHYDRATES,Pgls
REACTOME_METABOLISM_OF_CARBOHYDRATES,Pgm1
REACTOME_METABOLISM_OF_CARBOHYDRATES,Pgm2
REACTOME_METABOLISM_OF_CARBOHYDRATES,Pgm2l1
REACTOME_METABOLISM_OF_CARBOHYDRATES,Phka1
REACTOME_METABOLISM_OF_CARBOHYDRATES,Phka2
REACTOME_METABOLISM_OF_CARBOHYDRATES,Phkb
REACTOME_METABOLISM_OF_CARBOHYDRATES,Phkg1
REACTOME_METABOLISM_OF_CARBOHYDRATES,Phkg2
REACTOME_METABOLISM_OF_CARBOHYDRATES,Pkm
REACTOME_METABOLISM_OF_CARBOHYDRATES,Pom121
REACTOME_METABOLISM_OF_CARBOHYDRATES,Ppp1r3c
REACTOME_METABOLISM_OF_CARBOHYDRATES,Prelp
REACTOME_METABOLISM_OF_CARBOHYDRATES,Prps1
REACTOME_METABOLISM_OF_CARBOHYDRATES,Prps1l1
REACTOME_METABOLISM_OF_CARBOHYDRATES,Prps1l3
REACTOME_METABOLISM_OF_CARBOHYDRATES,Prps2
REACTOME_METABOLISM_OF_CARBOHYDRATES,Pygl
REACTOME_METABOLISM_OF_CARBOHYDRATES,Pygm
REACTOME_METABOLISM_OF_CARBOHYDRATES,Rae1
REACTOME_METABOLISM_OF_CARBOHYDRATES,Ranbp2
REACTOME_METABOLISM_OF_CARBOHYDRATES,Rbks
REACTOME_METABOLISM_OF_CARBOHYDRATES,Rpe
REACTOME_METABOLISM_OF_CARBOHYDRATES,Rpia
REACTOME_METABOLISM_OF_CARBOHYDRATES,Sdc1
REACTOME_METABOLISM_OF_CARBOHYDRATES,Sdc2
REACTOME_METABOLISM_OF_CARBOHYDRATES,Sdc3
REACTOME_METABOLISM_OF_CARBOHYDRATES,Sdc4
REACTOME_METABOLISM_OF_CARBOHYDRATES,Sec13
REACTOME_METABOLISM_OF_CARBOHYDRATES,Seh1l
REACTOME_METABOLISM_OF_CARBOHYDRATES,Sgsh
REACTOME_METABOLISM_OF_CARBOHYDRATES,Shpk
REACTOME_METABOLISM_OF_CARBOHYDRATES,Slc26a1
REACTOME_METABOLISM_OF_CARBOHYDRATES,Slc26a2
REACTOME_METABOLISM_OF_CARBOHYDRATES,Slc2a1
REACTOME_METABOLISM_OF_CARBOHYDRATES,Slc35b2
REACTOME_METABOLISM_OF_CARBOHYDRATES,Slc35b3
REACTOME_METABOLISM_OF_CARBOHYDRATES,Slc35d2
REACTOME_METABOLISM_OF_CARBOHYDRATES,Slc37a1
REACTOME_METABOLISM_OF_CARBOHYDRATES,Slc37a2
REACTOME_METABOLISM_OF_CARBOHYDRATES,Slc37a4
REACTOME_METABOLISM_OF_CARBOHYDRATES,Slc9a1
REACTOME_METABOLISM_OF_CARBOHYDRATES,Sord
REACTOME_METABOLISM_OF_CARBOHYDRATES,St3gal1
REACTOME_METABOLISM_OF_CARBOHYDRATES,St3gal2
REACTOME_METABOLISM_OF_CARBOHYDRATES,St3gal3
REACTOME_METABOLISM_OF_CARBOHYDRATES,St3gal4
REACTOME_METABOLISM_OF_CARBOHYDRATES,St3gal6
REACTOME_METABOLISM_OF_CARBOHYDRATES,St6galnac6
REACTOME_METABOLISM_OF_CARBOHYDRATES,Stab2
REACTOME_METABOLISM_OF_CARBOHYDRATES,Taldo1
REACTOME_METABOLISM_OF_CARBOHYDRATES,Tkfc
REACTOME_METABOLISM_OF_CARBOHYDRATES,Tkt
REACTOME_METABOLISM_OF_CARBOHYDRATES,Tpi1
REACTOME_METABOLISM_OF_CARBOHYDRATES,Tpr
REACTOME_METABOLISM_OF_CARBOHYDRATES,Ugp2
REACTOME_METABOLISM_OF_CARBOHYDRATES,Ust
REACTOME_METABOLISM_OF_CARBOHYDRATES,Vcan
REACTOME_METABOLISM_OF_CARBOHYDRATES,Xylb
REACTOME_METABOLISM_OF_CARBOHYDRATES,Xylt1
REACTOME_METABOLISM_OF_CARBOHYDRATES,Xylt2
WP_PURINE_METABOLISM,Ada
WP_PURINE_METABOLISM,Adcy1
WP_PURINE_METABOLISM,Adcy10
WP_PURINE_METABOLISM,Adcy2
WP_PURINE_METABOLISM,Adcy3
WP_PURINE_METABOLISM,Adcy4
WP_PURINE_METABOLISM,Adcy5
WP_PURINE_METABOLISM,Adcy6
WP_PURINE_METABOLISM,Adcy7
WP_PURINE_METABOLISM,Adcy8
WP_PURINE_METABOLISM,Adcy9
WP_PURINE_METABOLISM,Adk
WP_PURINE_METABOLISM,Adprm
WP_PURINE_METABOLISM,Adsl
WP_PURINE_METABOLISM,Adss1
WP_PURINE_METABOLISM,Adss2
WP_PURINE_METABOLISM,Ak1
WP_PURINE_METABOLISM,Ak2
WP_PURINE_METABOLISM,Ak4
WP_PURINE_METABOLISM,Ak5
WP_PURINE_METABOLISM,Ak6
WP_PURINE_METABOLISM,Ak7
WP_PURINE_METABOLISM,Ak8
WP_PURINE_METABOLISM,Ak9
WP_PURINE_METABOLISM,Allc
WP_PURINE_METABOLISM,Ampd1
WP_PURINE_METABOLISM,Ampd2
WP_PURINE_METABOLISM,Ampd3
WP_PURINE_METABOLISM,Aprt
WP_PURINE_METABOLISM,Atic
WP_PURINE_METABOLISM,Cant1
WP_PURINE_METABOLISM,Dck
WP_PURINE_METABOLISM,Dguok
WP_PURINE_METABOLISM,Enpp1
WP_PURINE_METABOLISM,Enpp3
WP_PURINE_METABOLISM,Entpd1
WP_PURINE_METABOLISM,Entpd2
WP_PURINE_METABOLISM,Entpd3
WP_PURINE_METABOLISM,Entpd4
WP_PURINE_METABOLISM,Entpd4b
WP_PURINE_METABOLISM,Entpd5
WP_PURINE_METABOLISM,Entpd6
WP_PURINE_METABOLISM,Entpd8
WP_PURINE_METABOLISM,Fhit
WP_PURINE_METABOLISM,Gart
WP_PURINE_METABOLISM,Gda
WP_PURINE_METABOLISM,Gmpr
WP_PURINE_METABOLISM,Gmpr2
WP_PURINE_METABOLISM,Gmps
WP_PURINE_METABOLISM,Gucy1a1
WP_PURINE_METABOLISM,Gucy1a2
WP_PURINE_METABOLISM,Gucy1b1
WP_PURINE_METABOLISM,Gucy1b2
WP_PURINE_METABOLISM,Gucy2c
WP_PURINE_METABOLISM,Gucy2d
WP_PURINE_METABOLISM,Gucy2e
WP_PURINE_METABOLISM,Gucy2f
WP_PURINE_METABOLISM,Guk1
WP_PURINE_METABOLISM,Hddc3
WP_PURINE_METABOLISM,Hprt1
WP_PURINE_METABOLISM,Impdh1
WP_PURINE_METABOLISM,Impdh2
WP_PURINE_METABOLISM,Itpa
WP_PURINE_METABOLISM,Nme1
WP_PURINE_METABOLISM,Nme2
WP_PURINE_METABOLISM,Nme3
WP_PURINE_METABOLISM,Nme4
WP_PURINE_METABOLISM,Nme5
WP_PURINE_METABOLISM,Nme6
WP_PURINE_METABOLISM,Nme7
WP_PURINE_METABOLISM,Npr1
WP_PURINE_METABOLISM,Npr2
WP_PURINE_METABOLISM,Nt5c
WP_PURINE_METABOLISM,Nt5c1a
WP_PURINE_METABOLISM,Nt5c1b
WP_PURINE_METABOLISM,Nt5c2
WP_PURINE_METABOLISM,Nt5c3
WP_PURINE_METABOLISM,Nt5e
WP_PURINE_METABOLISM,Nt5m
WP_PURINE_METABOLISM,Nudt16
WP_PURINE_METABOLISM,Nudt16l2
WP_PURINE_METABOLISM,Nudt2
WP_PURINE_METABOLISM,Nudt5
WP_PURINE_METABOLISM,Nudt9
WP_PURINE_METABOLISM,Paics
WP_PURINE_METABOLISM,Papss1
WP_PURINE_METABOLISM,Papss2
WP_PURINE_METABOLISM,Pde10a
WP_PURINE_METABOLISM,Pde11a
WP_PURINE_METABOLISM,Pde1a
WP_PURINE_METABOLISM,Pde1b
WP_PURINE_METABOLISM,Pde1c
WP_PURINE_METABOLISM,Pde2a
WP_PURINE_METABOLISM,Pde3a
WP_PURINE_METABOLISM,Pde3b
WP_PURINE_METABOLISM,Pde4a
WP_PURINE_METABOLISM,Pde4b
WP_PURINE_METABOLISM,Pde4c
WP_PURINE_METABOLISM,Pde4d
WP_PURINE_METABOLISM,Pde5a
WP_PURINE_METABOLISM,Pde6a
WP_PURINE_METABOLISM,Pde6b
WP_PURINE_METABOLISM,Pde6c
WP_PURINE_METABOLISM,Pde6d
WP_PURINE_METABOLISM,Pde6g
WP_PURINE_METABOLISM,Pde6h
WP_PURINE_METABOLISM,Pde7a
WP_PURINE_METABOLISM,Pde7b
WP_PURINE_METABOLISM,Pde8a
WP_PURINE_METABOLISM,Pde8b
WP_PURINE_METABOLISM,Pde9a
WP_PURINE_METABOLISM,Pfas
WP_PURINE_METABOLISM,Pgm1
WP_PURINE_METABOLISM,Pgm2
WP_PURINE_METABOLISM,Pklr
WP_PURINE_METABOLISM,Pkm
WP_PURINE_METABOLISM,Pnp
WP_PURINE_METABOLISM,Pnp2
WP_PURINE_METABOLISM,Pnpt1
WP_PURINE_METABOLISM,Pola1
WP_PURINE_METABOLISM,Pola2
WP_PURINE_METABOLISM,Pold1
WP_PURINE_METABOLISM,Pold2
WP_PURINE_METABOLISM,Pold3
WP_PURINE_METABOLISM,Pold4
WP_PURINE_METABOLISM,Pole
WP_PURINE_METABOLISM,Pole2
WP_PURINE_METABOLISM,Pole3
WP_PURINE_METABOLISM,Pole4
WP_PURINE_METABOLISM,Polr1a
WP_PURINE_METABOLISM,Polr1b
WP_PURINE_METABOLISM,Polr1c
WP_PURINE_METABOLISM,Polr1d
WP_PURINE_METABOLISM,Polr1e
WP_PURINE_METABOLISM,Polr1h
WP_PURINE_METABOLISM,Polr2a
WP_PURINE_METABOLISM,Polr2b
WP_PURINE_METABOLISM,Polr2c
WP_PURINE_METABOLISM,Polr2d
WP_PURINE_METABOLISM,Polr2e
WP_PURINE_METABOLISM,Polr2f
WP_PURINE_METABOLISM,Polr2g
WP_PURINE_METABOLISM,Polr2h
WP_PURINE_METABOLISM,Polr2i
WP_PURINE_METABOLISM,Polr2j
WP_PURINE_METABOLISM,Polr2l
WP_PURINE_METABOLISM,Polr3a
WP_PURINE_METABOLISM,Polr3b
WP_PURINE_METABOLISM,Polr3c
WP_PURINE_METABOLISM,Polr3d
WP_PURINE_METABOLISM,Polr3e
WP_PURINE_METABOLISM,Polr3f
WP_PURINE_METABOLISM,Polr3g
WP_PURINE_METABOLISM,Polr3gl
WP_PURINE_METABOLISM,Polr3h
WP_PURINE_METABOLISM,Polr3k
WP_PURINE_METABOLISM,Ppat
WP_PURINE_METABOLISM,Prim1
WP_PURINE_METABOLISM,Prim2
WP_PURINE_METABOLISM,Prps1
WP_PURINE_METABOLISM,Prps1l1
WP_PURINE_METABOLISM,Prps1l3
WP_PURINE_METABOLISM,Prps2
WP_PURINE_METABOLISM,Prune1
WP_PURINE_METABOLISM,Rrm1
WP_PURINE_METABOLISM,Rrm2
WP_PURINE_METABOLISM,Rrm2b
WP_PURINE_METABOLISM,Taf9
WP_PURINE_METABOLISM,Uox
WP_PURINE_METABOLISM,Urad
WP_PURINE_METABOLISM,Urah
WP_PURINE_METABOLISM,Xdh
HALLMARK_FATTY_ACID_METABOLISM,Aadat
HALLMARK_FATTY_ACID_METABOLISM,Acaa1a
HALLMARK_FATTY_ACID_METABOLISM,Acaa2
HALLMARK_FATTY_ACID_METABOLISM,Acadl
HALLMARK_FATTY_ACID_METABOLISM,Acadm
HALLMARK_FATTY_ACID_METABOLISM,Acads
HALLMARK_FATTY_ACID_METABOLISM,Acadvl
HALLMARK_FATTY_ACID_METABOLISM,Acat2
HALLMARK_FATTY_ACID_METABOLISM,Aco2
HALLMARK_FATTY_ACID_METABOLISM,Acot2
HALLMARK_FATTY_ACID_METABOLISM,Acot8
HALLMARK_FATTY_ACID_METABOLISM,Acox1
HALLMARK_FATTY_ACID_METABOLISM,Acsl1
HALLMARK_FATTY_ACID_METABOLISM,Acsl4
HALLMARK_FATTY_ACID_METABOLISM,Acsl5
HALLMARK_FATTY_ACID_METABOLISM,Acsm3
HALLMARK_FATTY_ACID_METABOLISM,Acss1
HALLMARK_FATTY_ACID_METABOLISM,Adh7
HALLMARK_FATTY_ACID_METABOLISM,Adipor2
HALLMARK_FATTY_ACID_METABOLISM,Adsl
HALLMARK_FATTY_ACID_METABOLISM,Alad
HALLMARK_FATTY_ACID_METABOLISM,Aldh1a1
HALLMARK_FATTY_ACID_METABOLISM,Aldh3a1
HALLMARK_FATTY_ACID_METABOLISM,Aldh3a2
HALLMARK_FATTY_ACID_METABOLISM,Aldh9a1
HALLMARK_FATTY_ACID_METABOLISM,Aldoa
HALLMARK_FATTY_ACID_METABOLISM,Aoc3
HALLMARK_FATTY_ACID_METABOLISM,Apex1
HALLMARK_FATTY_ACID_METABOLISM,Aqp7
HALLMARK_FATTY_ACID_METABOLISM,Auh
HALLMARK_FATTY_ACID_METABOLISM,Bckdhb
HALLMARK_FATTY_ACID_METABOLISM,Blvra
HALLMARK_FATTY_ACID_METABOLISM,Bmpr1b
HALLMARK_FATTY_ACID_METABOLISM,Bphl
HALLMARK_FATTY_ACID_METABOLISM,Car2
HALLMARK_FATTY_ACID_METABOLISM,Car4
HALLMARK_FATTY_ACID_METABOLISM,Car6
HALLMARK_FATTY_ACID_METABOLISM,Cbr1
HALLMARK_FATTY_ACID_METABOLISM,Cbr3
HALLMARK_FATTY_ACID_METABOLISM,Cd1d2
HALLMARK_FATTY_ACID_METABOLISM,Cd36
HALLMARK_FATTY_ACID_METABOLISM,Cel
HALLMARK_FATTY_ACID_METABOLISM,Cidea
HALLMARK_FATTY_ACID_METABOLISM,Cpox
HALLMARK_FATTY_ACID_METABOLISM,Cpt1a
HALLMARK_FATTY_ACID_METABOLISM,Cpt2
HALLMARK_FATTY_ACID_METABOLISM,Crat
HALLMARK_FATTY_ACID_METABOLISM,Cryz
HALLMARK_FATTY_ACID_METABOLISM,Cyp1a1
HALLMARK_FATTY_ACID_METABOLISM,Cyp4a10
HALLMARK_FATTY_ACID_METABOLISM,D2hgdh
HALLMARK_FATTY_ACID_METABOLISM,Decr1
HALLMARK_FATTY_ACID_METABOLISM,Dhcr24
HALLMARK_FATTY_ACID_METABOLISM,Dld
HALLMARK_FATTY_ACID_METABOLISM,Dlst
HALLMARK_FATTY_ACID_METABOLISM,Ech1
HALLMARK_FATTY_ACID_METABOLISM,Echs1
HALLMARK_FATTY_ACID_METABOLISM,Eci1
HALLMARK_FATTY_ACID_METABOLISM,Eci2
HALLMARK_FATTY_ACID_METABOLISM,Ehhadh
HALLMARK_FATTY_ACID_METABOLISM,Elovl5
HALLMARK_FATTY_ACID_METABOLISM,Eno2
HALLMARK_FATTY_ACID_METABOLISM,Eno3
HALLMARK_FATTY_ACID_METABOLISM,Ephx1
HALLMARK_FATTY_ACID_METABOLISM,Erp29
HALLMARK_FATTY_ACID_METABOLISM,Etfdh
HALLMARK_FATTY_ACID_METABOLISM,Fabp1
HALLMARK_FATTY_ACID_METABOLISM,Fabp2
HALLMARK_FATTY_ACID_METABOLISM,Fasn
HALLMARK_FATTY_ACID_METABOLISM,Fh1
HALLMARK_FATTY_ACID_METABOLISM,Fmo1
HALLMARK_FATTY_ACID_METABOLISM,G0s2
HALLMARK_FATTY_ACID_METABOLISM,Gabarapl1
HALLMARK_FATTY_ACID_METABOLISM,Gad2
HALLMARK_FATTY_ACID_METABOLISM,Gapdhs
HALLMARK_FATTY_ACID_METABOLISM,Gcdh
HALLMARK_FATTY_ACID_METABOLISM,Glul
HALLMARK_FATTY_ACID_METABOLISM,Gpd1
HALLMARK_FATTY_ACID_METABOLISM,Gpd2
HALLMARK_FATTY_ACID_METABOLISM,Grhpr
HALLMARK_FATTY_ACID_METABOLISM,Gstz1
HALLMARK_FATTY_ACID_METABOLISM,H2az1
HALLMARK_FATTY_ACID_METABOLISM,Hadh
HALLMARK_FATTY_ACID_METABOLISM,Hadhb
HALLMARK_FATTY_ACID_METABOLISM,Hao2
HALLMARK_FATTY_ACID_METABOLISM,Hccs
HALLMARK_FATTY_ACID_METABOLISM,Hibch
HALLMARK_FATTY_ACID_METABOLISM,Hmgcl
HALLMARK_FATTY_ACID_METABOLISM,Hmgcs1
HALLMARK_FATTY_ACID_METABOLISM,Hmgcs2
HALLMARK_FATTY_ACID_METABOLISM,Hpgd
HALLMARK_FATTY_ACID_METABOLISM,Hsd17b10
HALLMARK_FATTY_ACID_METABOLISM,Hsd17b11
HALLMARK_FATTY_ACID_METABOLISM,Hsd17b4
HALLMARK_FATTY_ACID_METABOLISM,Hsd17b7
HALLMARK_FATTY_ACID_METABOLISM,Hsdl2
HALLMARK_FATTY_ACID_METABOLISM,Hsp90aa1
HALLMARK_FATTY_ACID_METABOLISM,Hsph1
HALLMARK_FATTY_ACID_METABOLISM,Idh1
HALLMARK_FATTY_ACID_METABOLISM,Idh3b
HALLMARK_FATTY_ACID_METABOLISM,Idh3g
HALLMARK_FATTY_ACID_METABOLISM,Idi1
HALLMARK_FATTY_ACID_METABOLISM,Inmt
HALLMARK_FATTY_ACID_METABOLISM,Kmt5a
HALLMARK_FATTY_ACID_METABOLISM,Ldha
HALLMARK_FATTY_ACID_METABOLISM,Lgals1
HALLMARK_FATTY_ACID_METABOLISM,Ltc4s
HALLMARK_FATTY_ACID_METABOLISM,Maoa
HALLMARK_FATTY_ACID_METABOLISM,Mcee
HALLMARK_FATTY_ACID_METABOLISM,Mdh1
HALLMARK_FATTY_ACID_METABOLISM,Mdh2
HALLMARK_FATTY_ACID_METABOLISM,Me1
HALLMARK_FATTY_ACID_METABOLISM,Metap1
HALLMARK_FATTY_ACID_METABOLISM,Mgll
HALLMARK_FATTY_ACID_METABOLISM,Mif
HALLMARK_FATTY_ACID_METABOLISM,Mix23
HALLMARK_FATTY_ACID_METABOLISM,Mlycd
HALLMARK_FATTY_ACID_METABOLISM,Nbn
HALLMARK_FATTY_ACID_METABOLISM,Ncaph2
HALLMARK_FATTY_ACID_METABOLISM,Nsdhl
HALLMARK_FATTY_ACID_METABOLISM,Nthl1
HALLMARK_FATTY_ACID_METABOLISM,Odc1
HALLMARK_FATTY_ACID_METABOLISM,Ostc
HALLMARK_FATTY_ACID_METABOLISM,Pcbd1
HALLMARK_FATTY_ACID_METABOLISM,Pdha1
HALLMARK_FATTY_ACID_METABOLISM,Pdhb
HALLMARK_FATTY_ACID_METABOLISM,Ppara
HALLMARK_FATTY_ACID_METABOLISM,Prdx6
HALLMARK_FATTY_ACID_METABOLISM,Psme1
HALLMARK_FATTY_ACID_METABOLISM,Ptprg
HALLMARK_FATTY_ACID_METABOLISM,Pts
HALLMARK_FATTY_ACID_METABOLISM,Rap1gds1
HALLMARK_FATTY_ACID_METABOLISM,Rdh1
HALLMARK_FATTY_ACID_METABOLISM,Rdh11
HALLMARK_FATTY_ACID_METABOLISM,Reep6
HALLMARK_FATTY_ACID_METABOLISM,Retsat
HALLMARK_FATTY_ACID_METABOLISM,S100a10
HALLMARK_FATTY_ACID_METABOLISM,Sdha
HALLMARK_FATTY_ACID_METABOLISM,Sdhc
HALLMARK_FATTY_ACID_METABOLISM,Sdhd
HALLMARK_FATTY_ACID_METABOLISM,Serinc1
HALLMARK_FATTY_ACID_METABOLISM,Slc22a5
HALLMARK_FATTY_ACID_METABOLISM,Sms-ps
HALLMARK_FATTY_ACID_METABOLISM,Sucla2
HALLMARK_FATTY_ACID_METABOLISM,Suclg1
HALLMARK_FATTY_ACID_METABOLISM,Suclg2
HALLMARK_FATTY_ACID_METABOLISM,Tdo2
HALLMARK_FATTY_ACID_METABOLISM,Trp53inp2
HALLMARK_FATTY_ACID_METABOLISM,Ube2l6
HALLMARK_FATTY_ACID_METABOLISM,Ugdh
HALLMARK_FATTY_ACID_METABOLISM,Urod
HALLMARK_FATTY_ACID_METABOLISM,Uros
HALLMARK_FATTY_ACID_METABOLISM,Vnn1
HALLMARK_FATTY_ACID_METABOLISM,Xist
HALLMARK_FATTY_ACID_METABOLISM,Ywhah
HALLMARK_XENOBIOTIC_METABOLISM,Abcc2
HALLMARK_XENOBIOTIC_METABOLISM,Abcc3
HALLMARK_XENOBIOTIC_METABOLISM,Abcd2
HALLMARK_XENOBIOTIC_METABOLISM,Abhd6
HALLMARK_XENOBIOTIC_METABOLISM,Aco2
HALLMARK_XENOBIOTIC_METABOLISM,Acox1
HALLMARK_XENOBIOTIC_METABOLISM,Acox2
HALLMARK_XENOBIOTIC_METABOLISM,Acox3
HALLMARK_XENOBIOTIC_METABOLISM,Acp1
HALLMARK_XENOBIOTIC_METABOLISM,Acp2
HALLMARK_XENOBIOTIC_METABOLISM,Acsm1
HALLMARK_XENOBIOTIC_METABOLISM,Adh5
HALLMARK_XENOBIOTIC_METABOLISM,Adh7
HALLMARK_XENOBIOTIC_METABOLISM,Ahcyl
HALLMARK_XENOBIOTIC_METABOLISM,Akr1c6
HALLMARK_XENOBIOTIC_METABOLISM,Alas1
HALLMARK_XENOBIOTIC_METABOLISM,Aldh2
HALLMARK_XENOBIOTIC_METABOLISM,Aldh3a1
HALLMARK_XENOBIOTIC_METABOLISM,Aldh9a1
HALLMARK_XENOBIOTIC_METABOLISM,Angptl3
HALLMARK_XENOBIOTIC_METABOLISM,Aox1
HALLMARK_XENOBIOTIC_METABOLISM,Ap4b1
HALLMARK_XENOBIOTIC_METABOLISM,Apoe
HALLMARK_XENOBIOTIC_METABOLISM,Aqp9
HALLMARK_XENOBIOTIC_METABOLISM,Arg1
HALLMARK_XENOBIOTIC_METABOLISM,Arg2
HALLMARK_XENOBIOTIC_METABOLISM,Arpp19
HALLMARK_XENOBIOTIC_METABOLISM,Asl
HALLMARK_XENOBIOTIC_METABOLISM,Atoh8
HALLMARK_XENOBIOTIC_METABOLISM,Atp2a2
HALLMARK_XENOBIOTIC_METABOLISM,Bcar1
HALLMARK_XENOBIOTIC_METABOLISM,Bcat1
HALLMARK_XENOBIOTIC_METABOLISM,Blvrb
HALLMARK_XENOBIOTIC_METABOLISM,Bphl
HALLMARK_XENOBIOTIC_METABOLISM,Car2
HALLMARK_XENOBIOTIC_METABOLISM,Casp6
HALLMARK_XENOBIOTIC_METABOLISM,Cat
HALLMARK_XENOBIOTIC_METABOLISM,Cbr1
HALLMARK_XENOBIOTIC_METABOLISM,Ccl25
HALLMARK_XENOBIOTIC_METABOLISM,Cd36
HALLMARK_XENOBIOTIC_METABOLISM,Cda
HALLMARK_XENOBIOTIC_METABOLISM,Cdo1
HALLMARK_XENOBIOTIC_METABOLISM,Ces1d
HALLMARK_XENOBIOTIC_METABOLISM,Cfb
HALLMARK_XENOBIOTIC_METABOLISM,Cndp2
HALLMARK_XENOBIOTIC_METABOLISM,Comt
HALLMARK_XENOBIOTIC_METABOLISM,Crot
HALLMARK_XENOBIOTIC_METABOLISM,Crp
HALLMARK_XENOBIOTIC_METABOLISM,Csad
HALLMARK_XENOBIOTIC_METABOLISM,Cyb5a
HALLMARK_XENOBIOTIC_METABOLISM,Cyfip2
HALLMARK_XENOBIOTIC_METABOLISM,Cyp17a1
HALLMARK_XENOBIOTIC_METABOLISM,Cyp1a1
HALLMARK_XENOBIOTIC_METABOLISM,Cyp1a2
HALLMARK_XENOBIOTIC_METABOLISM,Cyp26a1
HALLMARK_XENOBIOTIC_METABOLISM,Cyp27a1
HALLMARK_XENOBIOTIC_METABOLISM,Cyp2c55
HALLMARK_XENOBIOTIC_METABOLISM,Cyp2e1
HALLMARK_XENOBIOTIC_METABOLISM,Cyp2j6
HALLMARK_XENOBIOTIC_METABOLISM,Cyp2s1
HALLMARK_XENOBIOTIC_METABOLISM,Cyp4f14
HALLMARK_XENOBIOTIC_METABOLISM,Dcxr
HALLMARK_XENOBIOTIC_METABOLISM,Ddah2
HALLMARK_XENOBIOTIC_METABOLISM,Ddc
HALLMARK_XENOBIOTIC_METABOLISM,Ddt
HALLMARK_XENOBIOTIC_METABOLISM,Dhps
HALLMARK_XENOBIOTIC_METABOLISM,Dhrs1
HALLMARK_XENOBIOTIC_METABOLISM,Dhrs7
HALLMARK_XENOBIOTIC_METABOLISM,Ech1
HALLMARK_XENOBIOTIC_METABOLISM,Elovl5
HALLMARK_XENOBIOTIC_METABOLISM,Enpep
HALLMARK_XENOBIOTIC_METABOLISM,Entpd5
HALLMARK_XENOBIOTIC_METABOLISM,Epha2
HALLMARK_XENOBIOTIC_METABOLISM,Ephx1
HALLMARK_XENOBIOTIC_METABOLISM,Esr1
HALLMARK_XENOBIOTIC_METABOLISM,Etfdh
HALLMARK_XENOBIOTIC_METABOLISM,Ets2
HALLMARK_XENOBIOTIC_METABOLISM,F10
HALLMARK_XENOBIOTIC_METABOLISM,F11
HALLMARK_XENOBIOTIC_METABOLISM,Fabp1
HALLMARK_XENOBIOTIC_METABOLISM,Fah
HALLMARK_XENOBIOTIC_METABOLISM,Fas
HALLMARK_XENOBIOTIC_METABOLISM,Fbln1
HALLMARK_XENOBIOTIC_METABOLISM,Fbp1
HALLMARK_XENOBIOTIC_METABOLISM,Fetub
HALLMARK_XENOBIOTIC_METABOLISM,Fmo1
HALLMARK_XENOBIOTIC_METABOLISM,Fmo3
HALLMARK_XENOBIOTIC_METABOLISM,G6pc1
HALLMARK_XENOBIOTIC_METABOLISM,Gabarapl1
HALLMARK_XENOBIOTIC_METABOLISM,Gad1
HALLMARK_XENOBIOTIC_METABOLISM,Gart
HALLMARK_XENOBIOTIC_METABOLISM,Gch1
HALLMARK_XENOBIOTIC_METABOLISM,Gckr
HALLMARK_XENOBIOTIC_METABOLISM,Gclc
HALLMARK_XENOBIOTIC_METABOLISM,Gcnt2
HALLMARK_XENOBIOTIC_METABOLISM,Gnmt
HALLMARK_XENOBIOTIC_METABOLISM,Gsr
HALLMARK_XENOBIOTIC_METABOLISM,Gss
HALLMARK_XENOBIOTIC_METABOLISM,Gstm4
HALLMARK_XENOBIOTIC_METABOLISM,Gsto1
HALLMARK_XENOBIOTIC_METABOLISM,Gstt2
HALLMARK_XENOBIOTIC_METABOLISM,Hacl1
HALLMARK_XENOBIOTIC_METABOLISM,Hes6
HALLMARK_XENOBIOTIC_METABOLISM,Hgfac
HALLMARK_XENOBIOTIC_METABOLISM,Hmox1
HALLMARK_XENOBIOTIC_METABOLISM,Hnf4a
HALLMARK_XENOBIOTIC_METABOLISM,Hprt1
HALLMARK_XENOBIOTIC_METABOLISM,Hrg
HALLMARK_XENOBIOTIC_METABOLISM,Hsd11b1
HALLMARK_XENOBIOTIC_METABOLISM,Hsd17b2
HALLMARK_XENOBIOTIC_METABOLISM,Id2
HALLMARK_XENOBIOTIC_METABOLISM,Idh1
HALLMARK_XENOBIOTIC_METABOLISM,Igf1
HALLMARK_XENOBIOTIC_METABOLISM,Igfbp1
HALLMARK_XENOBIOTIC_METABOLISM,Igfbp4
HALLMARK_XENOBIOTIC_METABOLISM,Il1r1
HALLMARK_XENOBIOTIC_METABOLISM,Irf8
HALLMARK_XENOBIOTIC_METABOLISM,Itih1
HALLMARK_XENOBIOTIC_METABOLISM,Itih4
HALLMARK_XENOBIOTIC_METABOLISM,Jup
HALLMARK_XENOBIOTIC_METABOLISM,Kars1
HALLMARK_XENOBIOTIC_METABOLISM,Kynu
HALLMARK_XENOBIOTIC_METABOLISM,Lcat
HALLMARK_XENOBIOTIC_METABOLISM,Leap2
HALLMARK_XENOBIOTIC_METABOLISM,Lonp1
HALLMARK_XENOBIOTIC_METABOLISM,Lpin2
HALLMARK_XENOBIOTIC_METABOLISM,Man1a
HALLMARK_XENOBIOTIC_METABOLISM,Maoa
HALLMARK_XENOBIOTIC_METABOLISM,Marchf6
HALLMARK_XENOBIOTIC_METABOLISM,Mbl2
HALLMARK_XENOBIOTIC_METABOLISM,Mccc2
HALLMARK_XENOBIOTIC_METABOLISM,Mpp2
HALLMARK_XENOBIOTIC_METABOLISM,Mthfd1
HALLMARK_XENOBIOTIC_METABOLISM,Ndrg2
HALLMARK_XENOBIOTIC_METABOLISM,Nfs1
HALLMARK_XENOBIOTIC_METABOLISM,Ninj1
HALLMARK_XENOBIOTIC_METABOLISM,Nmt1
HALLMARK_XENOBIOTIC_METABOLISM,Npc1
HALLMARK_XENOBIOTIC_METABOLISM,Nqo1
HALLMARK_XENOBIOTIC_METABOLISM,Papss2
HALLMARK_XENOBIOTIC_METABOLISM,Pcx
HALLMARK_XENOBIOTIC_METABOLISM,Pdk4
HALLMARK_XENOBIOTIC_METABOLISM,Pdlim5
HALLMARK_XENOBIOTIC_METABOLISM,Pemt
HALLMARK_XENOBIOTIC_METABOLISM,Pgd
HALLMARK_XENOBIOTIC_METABOLISM,Pgrmc1
HALLMARK_XENOBIOTIC_METABOLISM,Pink1
HALLMARK_XENOBIOTIC_METABOLISM,Plg
HALLMARK_XENOBIOTIC_METABOLISM,Pmm1
HALLMARK_XENOBIOTIC_METABOLISM,Por
HALLMARK_XENOBIOTIC_METABOLISM,Ppard
HALLMARK_XENOBIOTIC_METABOLISM,Pros1
HALLMARK_XENOBIOTIC_METABOLISM,Psmb10
HALLMARK_XENOBIOTIC_METABOLISM,Ptgds
HALLMARK_XENOBIOTIC_METABOLISM,Ptges
HALLMARK_XENOBIOTIC_METABOLISM,Ptges3-ps
HALLMARK_XENOBIOTIC_METABOLISM,Ptgr1
HALLMARK_XENOBIOTIC_METABOLISM,Pts
HALLMARK_XENOBIOTIC_METABOLISM,Pycr1
HALLMARK_XENOBIOTIC_METABOLISM,Rap1gap
HALLMARK_XENOBIOTIC_METABOLISM,Rbp4
HALLMARK_XENOBIOTIC_METABOLISM,Reg1
HALLMARK_XENOBIOTIC_METABOLISM,Retsat
HALLMARK_XENOBIOTIC_METABOLISM,Sar1b
HALLMARK_XENOBIOTIC_METABOLISM,Serpina6
HALLMARK_XENOBIOTIC_METABOLISM,Serpine1
HALLMARK_XENOBIOTIC_METABOLISM,Sertad1
HALLMARK_XENOBIOTIC_METABOLISM,Shmt2
HALLMARK_XENOBIOTIC_METABOLISM,Slc12a4
HALLMARK_XENOBIOTIC_METABOLISM,Slc1a5
HALLMARK_XENOBIOTIC_METABOLISM,Slc22a1
HALLMARK_XENOBIOTIC_METABOLISM,Slc35b1
HALLMARK_XENOBIOTIC_METABOLISM,Slc35d1
HALLMARK_XENOBIOTIC_METABOLISM,Slc46a3
HALLMARK_XENOBIOTIC_METABOLISM,Slc6a12
HALLMARK_XENOBIOTIC_METABOLISM,Slc6a6
HALLMARK_XENOBIOTIC_METABOLISM,Smox
HALLMARK_XENOBIOTIC_METABOLISM,Spint2
HALLMARK_XENOBIOTIC_METABOLISM,Ssr3
HALLMARK_XENOBIOTIC_METABOLISM,Tat
HALLMARK_XENOBIOTIC_METABOLISM,Tdo2
HALLMARK_XENOBIOTIC_METABOLISM,Tgfb2
HALLMARK_XENOBIOTIC_METABOLISM,Tkfc
HALLMARK_XENOBIOTIC_METABOLISM,Tmbim6
HALLMARK_XENOBIOTIC_METABOLISM,Tmem176b
HALLMARK_XENOBIOTIC_METABOLISM,Tmem97
HALLMARK_XENOBIOTIC_METABOLISM,Tnfrsf1a
HALLMARK_XENOBIOTIC_METABOLISM,Tpst1
HALLMARK_XENOBIOTIC_METABOLISM,Ttpa
HALLMARK_XENOBIOTIC_METABOLISM,Tyr
HALLMARK_XENOBIOTIC_METABOLISM,Ugdh
HALLMARK_XENOBIOTIC_METABOLISM,Upb1
HALLMARK_XENOBIOTIC_METABOLISM,Upp1
HALLMARK_XENOBIOTIC_METABOLISM,Vnn1
HALLMARK_XENOBIOTIC_METABOLISM,Vtn
HALLMARK_XENOBIOTIC_METABOLISM,Xdh
